Workbook
Name __xlnm._FilterDatabase_1: #REF!

Sheet FUNCLOC
A1: id | B1: tag_name | C1: created_at
A2: FP-01-SP1-CPO-T002-P006 | B2: SP1.CP.C2/P1/M | C2: 45251.353
A3: FP-01-SP1-CPO-T007-P203 | B3: SP1.CP.C6/P3/M | C3: 45251.353
A4: FP-01-SP1-CPO-T007-P013 | B4: SP1.CP.C6/P2/M | C4: 45251.354
A5: FP-01-SP1-CPO-DKC2 | B5: SP1.CP.DKC2/M | C5: 45251.354
A6: FP-01-SP1-CPO-DKC2-P018 | B6: SP1.CP.DKC2/P1 | C6: 45251.354
A7: FP-01-SP1-CPO-DKC2-P019 | B7: SP1.CP.DKC2/P2 | C7: 45251.354
A8: FP-01-SP1-CPO-SR01 | B8: SP1.CP.PS(C)1/M | C8: 45251.354
A9: FP-01-SP1-CPO-SR02 | B9: SP1.CP.JNS1/M | C9: 45251.354
A10: FP-01-SP1-CPO-SR04 | B10: SP1.CP.PS(F)1/M | C10: 45251.354
A11: FP-01-SP1-CPO-SR05 | B11: SP1.CP.PS(F)2/M | C11: 45251.354
A12: FP-01-SP1-CPO-SR06 | B12: SP1.CP.PS(F)3/M | C12: 45251.354
A13: FP-01-SP1-CPO-T001-P004 | B13: SP1.CP.C1.P1/M | C13: 45251.354
... A15: FP-01-SP1-CPO-T005-P009 | B15: SP1.CP.T3/P1/M | C15: 45251.354
B16: SP1.CP.T3/P2/M | C16: 45251.354
A17: FP-01-SP1-CPO-T006-A002 | B17: SP1.CP.C4/AGT/M | C17: 45251.354
A18: FP-01-SP1-CPO-T006-P011 | B18: SP1.CP.C4/P1/M | C18: 45251.354
A19: FP-01-SP1-CPO-T007-P012 | B19: SP1.CP.C6/P1/M | C19: 45251.354
A20: FP-01-SP1-CPO-T008-P014 | B20: SP1.CP.C7/P1/M | C20: 45251.354
A21: FP-01-SP1-CPO-T009-P015 | B21: SP1.CP.C8/P1/M | C21: 45251.354
A22: FP-01-SP1-CPO-T010-P016 | B22: SP1.CP.C17/P1/M | C22: 45251.354
A23: FP-01-SP1-CPO-T011-P020 | B23: SP1.CP.T8/P1/M | C23: 45251.354
B24: SP1.CP.C10/P1/M | C24: 45251.354
A25: FP-01-SP1-CPO-T013-P022 | B25: SP1.CP.C11/P1/M | C25: 45251.354
A26: FP-01-SP1-CPO-T014-P023 | B26: SP1.CP.C12/P1/M | C26: 45251.354
B27: SP1.CP.C13/P2/M | C27: 45251.354
B28: SP1.CP.C14/AGT/M | C28: 45251.354
A29: FP-01-SP1-CPO-T016-P027 | B29: SP1.CP.C14/P1/M | C29: 45251.354
A30: FP-01-SP1-CPO-T017-A004 | B30: SP1.CP.C5/AGT1/M | C30: 45251.354
A31: FP-01-SP1-CPO-T017-A005 | B31: SP1.CP.C5/AGT2/M | C31: 45251.354
A32: FP-01-SP1-CPO-T017-P028 | B32: SP1.CP.C5/P1/M | C32: 45251.354
A33: FP-01-SP1-CPO-T018-A006 | B33: SP1.CP.C5A/AGT1/M | C33: 45251.354
A34: FP-01-SP1-CPO-T018-A007 | B34: SP1.CP.C5A/AGT2/M | C34: 45251.354
A35: FP-01-SP1-CPO-T019-P030 | B35: SP1.CP.C16/P1/M | C35: 45251.354
A36: FP-01-SP1-CPO-T020-A008 | B36: SP1.CP.C18/AGT/M | C36: 45251.354
A37: FP-01-SP1-CPO-T022-P033 | B37: SP1.CP.T7/P1/M | C37: 45251.354
B38: SP1.CP.C15/P3/M | C38: 45251.354
B39: SP1.CP.T5/P1/M | C39: 45251.354
A40: FP-01-SP1-CLD-TH21 | B40: SP1.CL.THK4/GB/M | C40: 45251.354
A41: FP-01-CH7-STA-T119-A036 | B41: CH7.7CAS02/AGT/M | C41: 45251.354
A42: FP-01-SP1-CPO-TH04 | B42: SP1.CP.THK3A/GB/M | C42: 45251.354
A43: FP-01-SP1-CPO-TH03 | B43: SP1.CP.THK2B/GB/M | C43: 45251.354
A44: FP-01-SP1-CPO-TH06 | B44: SP1.CP.THK4.C/SW(0)/GM/M | C44: 45251.354
A45: FP-01-ACH-PV1-CN02 | B45: ACH.PV1/CN2/M | C45: 45251.354
A46: FP-01-SP1-CPO-TH07 | B46: SP1.CP.THK4A/GB/M | C46: 45251.354
A47: FP-01-SP1-CPO-TH07-CHMX | B47: SP1.CP.CHM1/GB/M | C47: 45251.354
A48: FP-01-SP1-CPO-TH08 | B48: SP1.CP.THK5B/GB/M | C48: 45251.354
A49: FP-01-SP1-CPO-TH09 | B49: SP1.CP.THK5A/GB/M | C49: 45251.354
A50: FP-01-SP1-CPO-DKC1-P017 | B50: SP1.CP.DKC1/P1/M | C50: 45251.354
A51: FP-01-SP1-CPO-T018-P029 | B51: SP1.CP.C5A/P1/M | C51: 45251.354
... A56: FP-01-SP1-CPO-T023-P034 | B56: SP1.CP.C15/P1/M | C56: 45251.354
B57: SP2.OC.C5/P1/M | C57: 45251.354
B58: SP1.CP.C9/P1/M | C58: 45251.354
A59: FP-01-SP1-CPO-TH23-P224 | B59: SP1.CP.C9/P3/M | C59: 45251.354
A60: FP-01-SP1-CPO-T023-P035 | B60: SP1.CP.C15/P2/M | C60: 45251.354
A61: FP-01-SP1-EFF-T379-P341 | B61: SP1.EFF/CPO_PIT_P/M | C61: 45251.354
A62: FP-01-SP1-CPO-DKC1 | B62: SP1.CP.DKC1/M | C62: 45251.354
A63: FP-01-SP1-CPO-SR03 | B63: SP1.CP.PS(C)2/M | C63: 45251.354
A64: FP-01-SP1-CPO-SR41 | B64: SP1.CP.PS(FIL)/M | C64: 45251.354
A65: FP-01-SP1-CPO-T273-P353 | B65: SP1.CPO.T9/P1/M | C65: 45251.354
A66: FP-01-SP1-CLD-T081-A031 | B66: SP1.CL.C10/AGT/M | C66: 45251.354
A67: FP-01-SP1-CLD-T087-A033 | B67: SP1.CL.C16/AGT/M | C67: 45251.354
A68: FP-01-SP1-CLD-DSP2-IE2A | B68: SP1.CL.DSP/IE2A/GB/M | C68: 45251.354
A69: FP-01-SP1-CLD-CN08 | B69: SP1.CON8/GB/M | C69: 45251.354
A70: FP-01-SP1-CLD-DKC3-P106 | B70: SP1.CL.DKC1/P1/M | C70: 45251.354
... A76: FP-01-SP1-CLD-DSP2-IE2B | B76: SP1.CL.DSP/IE2B/GB/M | C76: 45251.354
B77: SP1.CL.DSP/IE2C/GB/M | C77: 45251.354
A78: FP-01-SP1-ONP-T027-P039 | B78: SP1.ON.C1/P1/M | C78: 45251.354
A79: FP-01-SP1-CLD-PU08 | B79: SP1.PUL8/GB/M | C79: 45251.354
A80: FP-01-SP1-CLD-PU08-P093 | B80: SP1.PUL8/P1/M | C80: 45251.354
A81: FP-01-SP1-CLD-SR20 | B81: SP1.CL.ADS1/M | C81: 45251.354
A82: FP-01-SP1-CLD-SR21 | B82: SP1.CL.JNS1/M | C82: 45251.354
A83: FP-01-SP1-CLD-SR23 | B83: SP1.CL.PS(C)1/M | C83: 45251.354
A84: FP-01-SP1-CLD-SR25 | B84: SP1.CL.PS(F)1/M | C84: 45251.354
A85: FP-01-SP1-CLD-SR26 | B85: SP1.CL.PS(F)2/M | C85: 45251.354
A86: FP-01-SP1-CLD-SR27 | B86: SP1.CL.PS(F)3/M | C86: 45251.354
A87: FP-01-SP1-CLD-T075-A027 | B87: SP1.CL.C4/AGT/M | C87: 45251.354
A88: FP-01-WW1-SLD-BP01 | B88: WW1.SLD.BNP1/M | C88: 45251.354
A89: FP-01-SP1-CLD-T076-P098 | B89: SP1.CL.C5/P1/M | C89: 45251.354
B90: SP1.CL.C6/P1/M | C90: 45251.355
B91: SP1.CL.C7/P2/M | C91: 45251.355
A92: FP-01-SP1-CLD-T078-P102 | B92: SP1.CL.C7/P3/M | C92: 45251.355
A93: FP-01-PM2-AP2-T056-P072 | B93: PM2.APP2.T4/P1/M | C93: 45251.355
B94: SP1.CL.C10/P1/M | C94: 45251.355
B95: SP1.CL.C13/P1/M | C95: 45251.355
B96: SP1.CL.C17/P1/M | C96: 45251.355
A97: FP-01-SP1-CLD-T084-P114 | B97: SP1.CL.C17/P2/M | C97: 45251.355
A98: FP-01-SP1-CLD-T084-P115 | B98: SP1.CL.C17/P3/M | C98: 45251.355
A99: FP-01-SP1-CLD-T085-P116 | B99: SP1.CL.C14/P1/M | C99: 45251.355
B100: SP1.CL.C15/P1/M | C100: 45251.355
B101: PM1.COT.BMB/BKR/GB/M | C101: 45251.355
A102: FP-01-PM1-AP5-T174-P193 | B102: PM1.APP5.T2/P1/M | C102: 45251.355
A103: FP-01-SP1-CLD-T089-P109 | B103: SP1.CL.T2/P1/M | C103: 45251.355
A104: FP-01-SP2-NDL-TH04 | B104: SP2.ND.THK(LF)1/GB/M | C104: 45251.355
A105: FP-01-SP1-CLD-TH19 | B105: SP1.CL.THK2/GB/M | C105: 45251.355
B106: SP1.CL.THK3/GB/M | C106: 45251.355
A107: FP-01-SP1-CLD-TH21 | B107: SP1.CL.THK4/SW(O)/M | C107: 45251.355
B108: SP1.CL.THK4/GB/M | C108: 45251.355
A109: FP-01-SP7-OCC-TH03 | B109: CON DSF/M | C109: 45251.355
B110: SP1.CL.C1/P1/M | C110: 45251.355
...

Sheet EMO
A1: id | B1: status | C1: funcloc | D1: sort_field | E1: material_number | F1: equipment_description | G1: unique_id | H1: qr_code_link | I1: created_at
A2: EMO000576 | B2: Installed | C2: FP-01-SP1-CPO-T002-P006 | D2: SP1.CP.C2/P1/M | E2: 10010924 | F2: AC MOTOR;380V,50Hz,15kW,4P,160L,B3 | G2: 20 | H2: https://www.safesave.info/MIC.php?id=Fajar-MotorList20 | I2: 45251.353
A3: EMO000349 | B3: Installed | C3: FP-01-SP1-CPO-T007-P203 | D3: SP1.CP.C6/P3/M | F3: AC MOTOR;380V,50Hz,45kW,4P,225M,B3 | G3: 21 | H3: https://www.safesave.info/MIC.php?id=Fajar-MotorList21 | I3: 45251.353
A4: EMO000407 | B4: Installed | C4: FP-01-SP1-CPO-T007-P013 | D4: SP1.CP.C6/P2/M | E4: 10010560 | F4: AC MOTOR;380V,50Hz,30kW,4P,200M,B3 | G4: 22 | H4: https://www.safesave.info/MIC.php?id=Fajar-MotorList22 | I4: 45251.354
A5: EMO000436 | B5: Installed | C5: FP-01-SP1-CPO-DKC2 | D5: SP1.CP.DKC2/M | F5: AC MOTOR;380V,50Hz,0.11kW,4P,V | G5: 23 | H5: https://www.safesave.info/MIC.php?id=Fajar-MotorList23 | I5: 45251.354
A6: EMO000435 | B6: Installed | C6: FP-01-SP1-CPO-DKC2-P018 | D6: SP1.CP.DKC2/P1 | E6: 10024161 | F6: AC MOTOR;380V,50Hz,75kW,6P,280M,B3 | G6: 24 | H6: https://www.safesave.info/MIC.php?id=Fajar-MotorList24 | I6: 45251.354
A7: EMO000438 | B7: Installed | C7: FP-01-SP1-CPO-DKC2-P019 | D7: SP1.CP.DKC2/P2 | E7: 10024161 | F7: AC MOTOR;380V,50Hz,75kW,6P,280M,B3 | G7: 25 | H7: https://www.safesave.info/MIC.php?id=Fajar-MotorList25 | I7: 45251.354
A8: EMO002909 | B8: Installed | C8: FP-01-SP1-CPO-SR01 | D8: SP1.CP.PS(C)1/M | E8: 10010666 | F8: AC MOTOR;380V,50Hz,55kW,6P,280SC,V5 | G8: 26 | H8: https://www.safesave.info/MIC.php?id=Fajar-MotorList26 | I8: 45251.354
A9: EMO000443 | B9: Installed | C9: FP-01-SP1-CPO-SR02 | D9: SP1.CP.JNS1/M | F9: AC MOTOR;380V,50Hz,3.70kW,4P,112 | G9: 27 | H9: https://www.safesave.info/MIC.php?id=Fajar-MotorList27 | I9: 45251.354
A10: EMO000445 | B10: Installed | C10: FP-01-SP1-CPO-SR04 | D10: SP1.CP.PS(F)1/M | F10: AC MOTOR;380V,50Hz,55kW,8P,315,V | G10: 28 | H10: https://www.safesave.info/MIC.php?id=Fajar-MotorList28 | I10: 45251.354
A11: EMO000446 | B11: Installed | C11: FP-01-SP1-CPO-SR05 | D11: SP1.CP.PS(F)2/M | F11: AC MOTOR;380V,50Hz,37kW,6P,250,V | G11: 29 | H11: https://www.safesave.info/MIC.php?id=Fajar-MotorList29 | I11: 45251.354
A12: EMO000447 | B12: Installed | C12: FP-01-SP1-CPO-SR06 | D12: SP1.CP.PS(F)3/M | F12: AC MOTOR;380V,50Hz,30kW,4P,200L,B | G12: 30 | H12: https://www.safesave.info/MIC.php?id=Fajar-MotorList30 | I12: 45251.354
A13: EMO000382 | B13: Installed | C13: FP-01-SP1-CPO-T001-P004 | D13: SP1.CP.C1.P1/M | E13: 10010891 | F13: AC MOTOR;380V,50Hz,37kW,4P,225S,B3 | G13: 31 | H13: https://www.safesave.info/MIC.php?id=Fajar-MotorList31 | I13: 45251.354
A14: EMO000452 | B14: Installed | C14: FP-01-SP1-MXW-T065-P086 | D14: SP1.MW.C1/P/M | E14: 10010668 | F14: AC MOTOR;380V,50Hz,75kW,4P,250M,B3 | G14: 32 | H14: https://www.safesave.info/MIC.php?id=Fajar-MotorList32 | I14: 45251.354
A15: EMO000453 | B15: Installed | C15: FP-01-SP1-CPO-T005-P009 | D15: SP1.CP.T3/P1/M | F15: AC MOTOR;380V,50Hz,22kW,4P,180L,B3 | G15: 33 | H15: https://www.safesave.info/MIC.php?id=Fajar-MotorList33 | I15: 45251.354
A16: EMO000454 | B16: Available | E16: 10010883 | F16: AC MOTOR;380V,50Hz,18.5kW,4P,180M,B3 | G16: 34 | H16: https://www.safesave.info/MIC.php?id=Fajar-MotorList34 | I16: 45251.354
A17: EMO000455 | B17: Installed | C17: FP-01-SP1-CPO-T006-A002 | D17: SP1.CP.C4/AGT/M | F17: AC MOTOR;380V,50Hz,15kW,6P,180L,B3 | G17: 35 | H17: https://www.safesave.info/MIC.php?id=Fajar-MotorList35 | I17: 45251.354
A18: EMO000456 | B18: Installed | C18: FP-01-SP1-CPO-T006-P011 | D18: SP1.CP.C4/P1/M | F18: AC MOTOR;380V,50Hz,37kW,4P,225S,B3 | G18: 36 | H18: https://www.safesave.info/MIC.php?id=Fajar-MotorList36 | I18: 45251.354
A19: EMO000458 | B19: Installed | C19: FP-01-SP1-CPO-T007-P012 | D19: SP1.CP.C6/P1/M | F19: AC MOTOR;380V,50Hz,30kW,4P,200L,B3 | G19: 37 | H19: https://www.safesave.info/MIC.php?id=Fajar-MotorList37 | I19: 45251.354
A20: EMO000459 | B20: Installed | C20: FP-01-SP1-CPO-T008-P014 | D20: SP1.CP.C7/P1/M | E20: 10010924 | F20: AC MOTOR;380V,50Hz,15kW,4P,160L,B3 | G20: 38 | H20: https://www.safesave.info/MIC.php?id=Fajar-MotorList38 | I20: 45251.354
A21: EMO000460 | B21: Installed | C21: FP-01-SP1-CPO-T009-P015 | D21: SP1.CP.C8/P1/M | E21: 10010924 | F21: AC MOTOR;380V,50Hz,15kW,4P,160L,B3 | G21: 39 | H21: https://www.safesave.info/MIC.php?id=Fajar-MotorList39 | I21: 45251.354
A22: EMO003501 | B22: Installed | C22: FP-01-SP1-CPO-T010-P016 | D22: SP1.CP.C17/P1/M | E22: 10025942 | F22: AC MOTOR;380V,50Hz,90kW,6P,315S,B3 | G22: 40 | H22: https://www.safesave.info/MIC.php?id=Fajar-MotorList40 | I22: 45251.354
A23: EMO000462 | B23: Installed | C23: FP-01-SP1-CPO-T011-P020 | D23: SP1.CP.T8/P1/M | E23: 10020913 | F23: AC MOTOR;380V,50Hz,22kW,4P,180L,B3 | G23: 41 | H23: https://www.safesave.info/MIC.php?id=Fajar-MotorList41 | I23: 45251.354
A24: EMO002103 | B24: Available | E24: 10010927 | F24: AC MOTOR;380V,50Hz,75kW,4P,280S,B3 | G24: 42 | H24: https://www.safesave.info/MIC.php?id=Fajar-MotorList42 | I24: 45251.354
A25: EMO000464 | B25: Installed | C25: FP-01-SP1-CPO-T013-P022 | D25: SP1.CP.C11/P1/M | F25: AC MOTOR;380V,50Hz,18.5kW,4P,160L,B3 | G25: 43 | H25: https://www.safesave.info/MIC.php?id=Fajar-MotorList43 | I25: 45251.354
A26: EMO001060 | B26: Installed | C26: FP-01-SP1-CPO-T014-P023 | D26: SP1.CP.C12/P1/M | E26: 10020888 | F26: AC MOTOR;380V,50Hz,15kW,4P,160L,B3 | G26: 44 | H26: https://www.safesave.info/MIC.php?id=Fajar-MotorList44 | I26: 45251.354
A27: EMO000467 | B27: Available | E27: 10010924 | F27: AC MOTOR;380V,50Hz,15kW,4P,160L,B3 | G27: 45 | H27: https://www.safesave.info/MIC.php?id=Fajar-MotorList45 | I27: 45251.354
A28: EMO000468 | B28: Available | E28: 10020927 | F28: AC MOTOR;380V,50Hz,22kW,6P,280S,B3 | G28: 46 | H28: https://www.safesave.info/MIC.php?id=Fajar-MotorList46 | I28: 45251.354
A29: EMO000469 | B29: Installed | C29: FP-01-SP1-CPO-T016-P027 | D29: SP1.CP.C14/P1/M | F29: AC MOTOR;380V,50Hz,37kW,4P,225S,B3 | G29: 47 | H29: https://www.safesave.info/MIC.php?id=Fajar-MotorList47 | I29: 45251.354
A30: EMO000470 | B30: Installed | C30: FP-01-SP1-CPO-T017-A004 | D30: SP1.CP.C5/AGT1/M | F30: AC MOTOR;380V,50Hz,55kW,6P,280SC,B3 | G30: 48 | H30: https://www.safesave.info/MIC.php?id=Fajar-MotorList48 | I30: 45251.354
A31: EMO000471 | B31: Installed | C31: FP-01-SP1-CPO-T017-A005 | D31: SP1.CP.C5/AGT2/M | F31: AC MOTOR;380V,50Hz,55kW,6P,280SC,B3 | G31: 49 | H31: https://www.safesave.info/MIC.php?id=Fajar-MotorList49 | I31: 45251.354
A32: EMO000472 | B32: Installed | C32: FP-01-SP1-CPO-T017-P028 | D32: SP1.CP.C5/P1/M | F32: AC MOTOR;380V,50Hz,37kW,4P,225S,B3 | G32: 50 | H32: https://www.safesave.info/MIC.php?id=Fajar-MotorList50 | I32: 45251.354
A33: EMO002949 | B33: Installed | C33: FP-01-SP1-CPO-T018-A006 | D33: SP1.CP.C5A/AGT1/M | E33: 10010901 | F33: AC MOTOR;380V,50Hz,45kW,6P,280S,B3 | G33: 51 | H33: https://www.safesave.info/MIC.php?id=Fajar-MotorList51 | I33: 45251.354
A34: EMO000474 | B34: Installed | C34: FP-01-SP1-CPO-T018-A007 | D34: SP1.CP.C5A/AGT2/M | F34: AC MOTOR;380V,50Hz,55kW,6P,280S,B3 | G34: 52 | H34: https://www.safesave.info/MIC.php?id=Fajar-MotorList52 | I34: 45251.354
A35: EMO000476 | B35: Installed | C35: FP-01-SP1-CPO-T019-P030 | D35: SP1.CP.C16/P1/M | E35: 10020913 | F35: AC MOTOR;380V,50Hz,22kW,4P,180L,B3 | G35: 53 | H35: https://www.safesave.info/MIC.php?id=Fajar-MotorList53 | I35: 45251.354
A36: EMO000545 | B36: Installed | C36: FP-01-SP1-CPO-T020-A008 | D36: SP1.CP.C18/AGT/M | E36: 10011106 | F36: AC MOTOR;380V,50Hz,22kW,6P,200L,B3 | G36: 54 | H36: https://www.safesave.info/MIC.php?id=Fajar-MotorList54 | I36: 45251.354
A37: EMO000481 | B37: Installed | C37: FP-01-SP1-CPO-T022-P033 | D37: SP1.CP.T7/P1/M | F37: AC MOTOR;380V,50Hz,37kW,4P,225S,B3 | G37: 55 | H37: https://www.safesave.info/MIC.php?id=Fajar-MotorList55 | I37: 45251.354
A38: EMO000105 | B38: Available | E38: 10010923 | F38: AC MOTOR;380V,50Hz,7.5kW,4P,132M,B3 | G38: 56 | H38: https://www.safesave.info/MIC.php?id=Fajar-MotorList56 | I38: 45251.354
A39: EMO000487 | B39: Available | E39: 10010819 | F39: AC MOTOR;380V,50Hz,7.5kW,4P,132M,B3 | G39: 57 | H39: https://www.safesave.info/MIC.php?id=Fajar-MotorList57 | I39: 45251.354
A40: EMO003727 | B40: Installed | C40: FP-01-SP1-CLD-TH21 | D40: SP1.CL.THK4/GB/M | E40: 10020936 | F40: AC MOTOR;380V,50Hz,7.5kW,4P,132S,V1 | G40: 58 | H40: https://www.safesave.info/MIC.php?id=Fajar-MotorList58 | I40: 45251.354
A41: EMO000489 | B41: Installed | C41: FP-01-CH7-STA-T119-A036 | D41: CH7.7CAS02/AGT/M | E41: 10020904 | F41: AC MOTOR;380V,50Hz,7.5kW,4P,132M,B5 | G41: 59 | H41: https://www.safesave.info/MIC.php?id=Fajar-MotorList59 | I41: 45251.354
A42: EMO000491 | B42: Installed | C42: FP-01-SP1-CPO-TH04 | D42: SP1.CP.THK3A/GB/M | F42: AC MOTOR;380V,50Hz,7.5kW,4P,132M,V | G42: 60 | H42: https://www.safesave.info/MIC.php?id=Fajar-MotorList60 | I42: 45251.354
A43: EMO000490 | B43: Installed | C43: FP-01-SP1-CPO-TH03 | D43: SP1.CP.THK2B/GB/M | F43: AC MOTOR;380V,50Hz,7.5kW,4P,132M,V | G43: 61 | H43: https://www.safesave.info/MIC.php?id=Fajar-MotorList61 | I43: 45251.354
A44: EMO003782 | B44: Installed | C44: FP-01-SP1-CPO-TH06 | D44: SP1.CP.THK4.C/SW(0)/GM/M | E44: 10010754 | F44: AC MOTOR;380V,50Hz,0.11kW,4P | G44: 62 | H44: https://www.safesave.info/MIC.php?id=Fajar-MotorList62 | I44: 45251.354
A45: EMO003526 | B45: Installed | C45: FP-01-ACH-PV1-CN02 | D45: ACH.PV1/CN2/M | E45: 10011082 | F45: AC MOTOR;380V,50Hz,3.7kW,4P,112M,V1 | G45: 63 | H45: https://www.safesave.info/MIC.php?id=Fajar-MotorList63 | I45: 45251.354
A46: EMO000496 | B46: Installed | C46: FP-01-SP1-CPO-TH07 | D46: SP1.CP.THK4A/GB/M | F46: AC MOTOR;380V,50Hz,15kW,4P,160L,V | G46: 64 | H46: https://www.safesave.info/MIC.php?id=Fajar-MotorList64 | I46: 45251.354
A47: EMO000495 | B47: Installed | C47: FP-01-SP1-CPO-TH07-CHMX | D47: SP1.CP.CHM1/GB/M | F47: AC MOTOR;380V,50Hz,11kW,4P,160,B | G47: 65 | H47: https://www.safesave.info/MIC.php?id=Fajar-MotorList65 | I47: 45251.354
A48: EMO000497 | B48: Installed | C48: FP-01-SP1-CPO-TH08 | D48: SP1.CP.THK5B/GB/M | F48: AC MOTOR;380V,50Hz,0.37kW,4P,F71,V | G48: 66 | H48: https://www.safesave.info/MIC.php?id=Fajar-MotorList66 | I48: 45251.354
A49: EMO000499 | B49: Installed | C49: FP-01-SP1-CPO-TH09 | D49: SP1.CP.THK5A/GB/M | F49: AC MOTOR;380V,50Hz,7.5kW,4P,132M,V | G49: 67 | H49: https://www.safesave.info/MIC.php?id=Fajar-MotorList67 | I49: 45251.354
A50: EMO000570 | B50: Installed | C50: FP-01-SP1-CPO-DKC1-P017 | D50: SP1.CP.DKC1/P1/M | E50: 10010669 | F50: AC MOTOR;380V,50Hz,75kW,6P,280M,B3 | G50: 68 | H50: https://www.safesave.info/MIC.php?id=Fajar-MotorList68 | I50: 45251.354
A51: EMO000672 | B51: Installed | C51: FP-01-SP1-CPO-T018-P029 | D51: SP1.CP.C5A/P1/M | E51: 10010602 | F51: AC MOTOR;380V,50Hz,15kW,4P,160L,B3 | G51: 69 | H51: https://www.safesave.info/MIC.php?id=Fajar-MotorList69 | I51: 45251.354
A52: EMO000717 | B52: Installed | C52: FP-01-SP1-CPO-RF01 | D52: SP1.CP.SNF/M | E52: 10010907 | F52: AC MOTOR;380V,50Hz,200kW,4P,315M,B | G52: 70 | H52: https://www.safesave.info/MIC.php?id=Fajar-MotorList70 | I52: 45251.354
A53: EMO000885 | B53: Installed | C53: FP-01-SP1-UKP-T066-P087 | D53: SP1.UK.C2/P1/M | E53: 10020916 | F53: AC MOTOR;380V,50Hz,30kW,4P,200L,B3 | G53: 71 | H53: https://www.safesave.info/MIC.php?id=Fajar-MotorList71 | I53: 45251.354
A54: EMO000913 | B54: Installed | C54: FP-01-SP1-CPO-T001-A001 | D54: SP1.CP.C1/AGT/M | E54: 10010678 | F54: AC MOTOR;380V,50Hz,22kW,4P,180L,B3 | G54: 72 | H54: https://www.safesave.info/MIC.php?id=Fajar-MotorList72 | I54: 45251.354
A55: EMO000978 | B55: Installed | C55: FP-01-SP1-CPO-TH23-P205 | D55: SP1.CP.C9/P2/M | E55: 10020523 | F55: AC MOTOR;380V,50Hz,55kW,4P,250M,B3 | G55: 73 | H55: https://www.safesave.info/MIC.php?id=Fajar-MotorList73 | I55: 45251.354
A56: EMO003408 | B56: Installed | C56: FP-01-SP1-CPO-T023-P034 | D56: SP1.CP.C15/P1/M | E56: 10010560 | F56: AC MOTOR;380V,50Hz,30kW,4P,200L,B3 | G56: 74 | H56: https://www.safesave.info/MIC.php?id=Fajar-MotorList74 | I56: 45251.354
A57: EMO002151 | B57: Available | E57: 10010927 | F57: AC MOTOR;380V,50Hz,75kW,4P,280S,B3 | G57: 75 | H57: https://www.safesave.info/MIC.php?id=Fajar-MotorList75 | I57: 45251.354
A58: EMO002450 | B58: Available | E58: 10010927 | F58: AC MOTOR;380V,50Hz,75kW,4P,280S,B3 | G58: 76 | H58: https://www.safesave.info/MIC.php?id=Fajar-MotorList76 | I58: 45251.354
A59: EMO002913 | B59: Installed | C59: FP-01-SP1-CPO-TH23-P224 | D59: SP1.CP.C9/P3/M | F59: AC MOTOR;380V,50Hz,55kW,4P,250S,B3 | G59: 77 | H59: https://www.safesave.info/MIC.php?id=Fajar-MotorList77 | I59: 45251.354
A60: EMO003133 | B60: Installed | C60: FP-01-SP1-CPO-T023-P035 | D60: SP1.CP.C15/P2/M | F60: AC MOTOR;380V,50Hz,37kW,4P,225S,B3 | G60: 78 | H60: https://www.safesave.info/MIC.php?id=Fajar-MotorList78 | I60: 45251.354
A61: EMO000520 | B61: Installed | C61: FP-01-SP1-EFF-T379-P341 | D61: SP1.EFF/CPO_PIT_P/M | E61: 10010926 | F61: AC MOTOR;380V,50Hz,55kW,4P,250M,B3 | G61: 79 | H61: https://www.safesave.info/MIC.php?id=Fajar-MotorList79 | I61: 45251.354
A62: EMO003580 | B62: Installed | C62: FP-01-SP1-CPO-DKC1 | D62: SP1.CP.DKC1/M | E62: 10010754 | F62: AC MOTOR;380V,50HZ,0.11KW,4P | G62: 80 | H62: https://www.safesave.info/MIC.php?id=Fajar-MotorList80 | I62: 45251.354
A63: EMO003632 | B63: Installed | C63: FP-01-SP1-CPO-SR03 | D63: SP1.CP.PS(C)2/M | E63: 10011110 | F63: AC MOTOR;380V,50Hz,22kW,4P,180L,V5 | G63: 81 | H63: https://www.safesave.info/MIC.php?id=Fajar-MotorList81 | I63: 45251.354
A64: EMO003635 | B64: Installed | C64: FP-01-SP1-CPO-SR41 | D64: SP1.CP.PS(FIL)/M | E64: 10027433 | F64: AC MOTOR;380V,50Hz,45kW,8P,280,B3 | G64: 82 | H64: https://www.safesave.info/MIC.php?id=Fajar-MotorList82 | I64: 45251.354
A65: EMO003657 | B65: Installed | C65: FP-01-SP1-CPO-T273-P353 | D65: SP1.CPO.T9/P1/M | F65: AC MOTOR;380V,50Hz,30kW,4P,200L,B3 | G65: 83 | H65: https://www.safesave.info/MIC.php?id=Fajar-MotorList83 | I65: 45251.354
A66: EMO000412 | B66: Installed | C66: FP-01-SP1-CLD-T081-A031 | D66: SP1.CL.C10/AGT/M | E66: 10011027 | F66: AC MOTOR;380V,50Hz,11kW,6P,160L,B3 | G66: 84 | H66: https://www.safesave.info/MIC.php?id=Fajar-MotorList84 | I66: 45251.354
A67: EMO000085 | B67: Installed | C67: FP-01-SP1-CLD-T087-A033 | D67: SP1.CL.C16/AGT/M | E67: 10020927 | F67: AC MOTOR;380V,50Hz,22kW,6P,200,B3 | G67: 85 | H67: https://www.safesave.info/MIC.php?id=Fajar-MotorList85 | I67: 45251.354
A68: EMO000193 | B68: Installed | C68: FP-01-SP1-CLD-DSP2-IE2A | D68: SP1.CL.DSP/IE2A/GB/M | E68: 10010596 | F68: AC MOTOR;380V,50Hz,4kW,4P,112 | G68: 86 | H68: https://www.safesave.info/MIC.php?id=Fajar-MotorList86 | I68: 45251.354
A69: EMO000368 | B69: Installed | C69: FP-01-SP1-CLD-CN08 | D69: SP1.CON8/GB/M | E69: 10010673 | F69: AC MOTOR;380V,50HZ,11KW,6P,160L | G69: 87 | H69: https://www.safesave.info/MIC.php?id=Fajar-MotorList87 | I69: 45251.354
A70: EMO000370 | B70: Installed | C70: FP-01-SP1-CLD-DKC3-P106 | D70: SP1.CL.DKC1/P1/M | F70: AC MOTOR;380V,50Hz,55kW,4P,250M,B3 | G70: 88 | H70: https://www.safesave.info/MIC.php?id=Fajar-MotorList88 | I70: 45251.354
A71: EMO000372 | B71: Installed | C71: FP-01-SP1-CLD-DKC4-P107 | D71: SP1.CL.DKC2/P1/M | E71: 10010623 | F71: AC MOTOR;380V,50Hz,75kW,4P,280S,B3 | G71: 89 | H71: https://www.safesave.info/MIC.php?id=Fajar-MotorList89 | I71: 45251.354
A72: EMO000498 | B72: Installed | C72: FP-01-SP1-CLD-DSP2-CHMX | D72: SP1.CL.DSP/CHM/GB/M | E72: 10020905 | F72: AC MOTOR;380V,50Hz,11kW,4P,180L,B5 | G72: 90 | H72: https://www.safesave.info/MIC.php?id=Fajar-MotorList90 | I72: 45251.354
A73: EMO000376 | B73: Installed | C73: FP-01-SP1-CLD-DSP2 | D73: SP1.CL.DSP/GB/M | F73: AC MOTOR;3000V,50Hz,250kW,8P,400AC,B | G73: 91 | H73: https://www.safesave.info/MIC.php?id=Fajar-MotorList91 | I73: 45251.354
A74: EMO000377 | B74: Installed | C74: FP-01-SP1-CLD-DSP2-IE1A | D74: SP1.CL.DSP/IE1A/GB/M | F74: AC MOTOR;380V,50Hz,4kW,4P,112M,B | G74: 92 | H74: https://www.safesave.info/MIC.php?id=Fajar-MotorList92 | I74: 45251.354
A75: EMO000378 | B75: Installed | C75: FP-01-SP1-CLD-DSP2-IE1B | D75: SP1.CL.DSP/IE1B/GB/M | F75: AC MOTOR;380V,50Hz,4kW,4P,112M,B | G75: 93 | H75: https://www.safesave.info/MIC.php?id=Fajar-MotorList93 | I75: 45251.354
A76: EMO000380 | B76: Installed | C76: FP-01-SP1-CLD-DSP2-IE2B | D76: SP1.CL.DSP/IE2B/GB/M | F76: AC MOTOR;380V,50Hz,4kW,4P,112M,B | G76: 94 | H76: https://www.safesave.info/MIC.php?id=Fajar-MotorList94 | I76: 45251.354
A77: EMO000381 | B77: Available | E77: 10010970 | F77: AC MOTOR;380V,50Hz,4kW,4P,112M,B3 | G77: 95 | H77: https://www.safesave.info/MIC.php?id=Fajar-MotorList95 | I77: 45251.354
A78: EMO002850 | B78: Installed | C78: FP-01-SP1-ONP-T027-P039 | D78: SP1.ON.C1/P1/M | E78: 10010920 | F78: AC MOTOR;380V,50Hz,37kW,4P,225S,B3 | G78: 96 | H78: https://www.safesave.info/MIC.php?id=Fajar-MotorList96 | I78: 45251.354
A79: EMO000383 | B79: Installed | C79: FP-01-SP1-CLD-PU08 | D79: SP1.PUL8/GB/M | E79: 10010611 | F79: AC MOTOR;380V,50HZ,200KW,6P,355,B | G79: 97 | H79: https://www.safesave.info/MIC.php?id=Fajar-MotorList97 | I79: 45251.354
A80: EMO000384 | B80: Installed | C80: FP-01-SP1-CLD-PU08-P093 | D80: SP1.PUL8/P1/M | E80: 10020901 | F80: AC MOTOR;380V,50Hz,45kW,4P,225M,B3 | G80: 98 | H80: https://www.safesave.info/MIC.php?id=Fajar-MotorList98 | I80: 45251.354
A81: EMO004242 | B81: Installed | C81: FP-01-SP1-CLD-SR20 | D81: SP1.CL.ADS1/M | F81: AC MOTOR;380V,50Hz,45kW,6P,280S,B3 | G81: 99 | H81: https://www.safesave.info/MIC.php?id=Fajar-MotorList99 | I81: 45251.354
A82: EMO000051 | B82: Installed | C82: FP-01-SP1-CLD-SR21 | D82: SP1.CL.JNS1/M | E82: 10010596 | F82: AC MOTOR;380V,50Hz,4kW,4P,112M,B3 | G82: 100 | H82: https://www.safesave.info/MIC.php?id=Fajar-MotorList100 | I82: 45251.354
A83: EMO004243 | B83: Installed | C83: FP-01-SP1-CLD-SR23 | D83: SP1.CL.PS(C)1/M | E83: 10027666 | F83: AC MOTOR;380V,50Hz,55kW,4P,250M,B3 | G83: 101 | H83: https://www.safesave.info/MIC.php?id=Fajar-MotorList101 | I83: 45251.354
A84: EMO000391 | B84: Installed | C84: FP-01-SP1-CLD-SR25 | D84: SP1.CL.PS(F)1/M | F84: AC MOTOR;380V,50Hz,55kW,8P | G84: 102 | H84: https://www.safesave.info/MIC.php?id=Fajar-MotorList102 | I84: 45251.354
A85: EMO000392 | B85: Installed | C85: FP-01-SP1-CLD-SR26 | D85: SP1.CL.PS(F)2/M | F85: AC MOTOR;380V,50Hz,37kW,6P,250M,V | G85: 103 | H85: https://www.safesave.info/MIC.php?id=Fajar-MotorList103 | I85: 45251.354
A86: EMO000393 | B86: Installed | C86: FP-01-SP1-CLD-SR27 | D86: SP1.CL.PS(F)3/M | F86: AC MOTOR;380V,50Hz,30kW,6P,225M,V | G86: 104 | H86: https://www.safesave.info/MIC.php?id=Fajar-MotorList104 | I86: 45251.354
A87: EMO000400 | B87: Installed | C87: FP-01-SP1-CLD-T075-A027 | D87: SP1.CL.C4/AGT/M | F87: AC MOTOR;380V,50Hz,15kW,6P,180L,B | G87: 105 | H87: https://www.safesave.info/MIC.php?id=Fajar-MotorList105 | I87: 45251.354
A88: EMO000402 | B88: Installed | C88: FP-01-WW1-SLD-BP01 | D88: WW1.SLD.BNP1/M | E88: 10010674 | F88: AC MOTOR;380V,50Hz,15kW,6P,180,B3 | G88: 106 | H88: https://www.safesave.info/MIC.php?id=Fajar-MotorList106 | I88: 45251.354
A89: EMO000404 | B89: Installed | C89: FP-01-SP1-CLD-T076-P098 | D89: SP1.CL.C5/P1/M | E89: 10010924 | F89: AC MOTOR;380V,50Hz,15kW,4P,160L,B3 | G89: 107 | H89: https://www.safesave.info/MIC.php?id=Fajar-MotorList107 | I89: 45251.354
A90: EMO000726 | B90: Available | E90: 10010924 | F90: AC MOTOR;380V,50Hz,15kW,4P,160L,B3 | G90: 108 | H90: https://www.safesave.info/MIC.php?id=Fajar-MotorList108 | I90: 45251.355
A91: EMO000408 | B91: Available | E91: 10010560 | F91: AC MOTOR;380V,50Hz,30kW,4P,200L,B3 | G91: 109 | H91: https://www.safesave.info/MIC.php?id=Fajar-MotorList109 | I91: 45251.355
A92: EMO000409 | B92: Installed | C92: FP-01-SP1-CLD-T078-P102 | D92: SP1.CL.C7/P3/M | F92: AC MOTOR;380V,50Hz,22kW,4P,180L,B3 | G92: 110 | H92: https://www.safesave.info/MIC.php?id=Fajar-MotorList110 | I92: 45251.355
A93: EMO000485 | B93: Installed | C93: FP-01-PM2-AP2-T056-P072 | D93: PM2.APP2.T4/P1/M | E93: 10010924 | F93: AC MOTOR;380V,50Hz,15kW,4P,160L,B3 | G93: 111 | H93: https://www.safesave.info/MIC.php?id=Fajar-MotorList111 | I93: 45251.355
A94: EMO000413 | B94: Available | E94: 10010926 | F94: AC MOTOR;380V,50Hz,55kW,4P,250M,B3 | G94: 112 | H94: https://www.safesave.info/MIC.php?id=Fajar-MotorList112 | I94: 45251.355
A95: EMO000731 | B95: Available | E95: 10010918 | F95: AC MOTOR;380V,50Hz,11kW,4P,160M,B3 | G95: 113 | H95: https://www.safesave.info/MIC.php?id=Fajar-MotorList113 | I95: 45251.355
A96: EMO000416 | B96: Available | E96: 10010560 | F96: AC MOTOR;380V,50Hz,30kW,4P,200L,B3 | G96: 114 | H96: https://www.safesave.info/MIC.php?id=Fajar-MotorList114 | I96: 45251.355
A97: EMO000417 | B97: Installed | C97: FP-01-SP1-CLD-T084-P114 | D97: SP1.CL.C17/P2/M | F97: AC MOTOR;380V,50Hz,37kW,4P,225S,B3 | G97: 115 | H97: https://www.safesave.info/MIC.php?id=Fajar-MotorList115 | I97: 45251.355
A98: EMO003417 | B98: Installed | C98: FP-01-SP1-CLD-T084-P115 | D98: SP1.CL.C17/P3/M | E98: 10010844 | F98: AC MOTOR;380V,50Hz,7.5kW,4P,132M,B3 | G98: 116 | H98: https://www.safesave.info/MIC.php?id=Fajar-MotorList116 | I98: 45251.355
A99: EMO001684 | B99: Installed | C99: FP-01-SP1-CLD-T085-P116 | D99: SP1.CL.C14/P1/M | E99: 10021419 | F99: AC MOTOR;380V,50Hz,45kW,4P,225S,B3 | G99: 117 | H99: https://www.safesave.info/MIC.php?id=Fajar-MotorList117 | I99: 45251.355
A100: EMO004978 | B100: Available | E100: 10010980 | F100: AC MOTOR;380V,50Hz,30kW,4P,200L,B3 | G100: 118 | H100: https://www.safesave.info/MIC.php?id=Fajar-MotorList118 | I100: 45251.355
...

Sheet EMO_DETAILS
A1: emo_detail | B1: manufacture | C1: serial_number | D1: type | E1: power_rate | F1: power_unit | G1: voltage | H1: current_nominal | I1: frequency | J1: pole | K1: rpm | L1: bearing_de | M1: bearing_nde | N1: frame_type | O1: shaft_diameter | P1: phase_supply | Q1: cos_phi | R1: efficiency | S1: ip_rating | T1: insulation_class | U1: duty | V1: connection_type | W1: nipple_grease | X1: greasing_type | Y1: greasing_qty_de | Z1: greasing_qty_nde | AA1: length | AB1: width | AC1: height | AD1: weight | AE1: cooling_fan | AF1: mounting
A2: =(EMO!A2) -> EMO000576 | B2: ABB | D2: MBT | E2: 15 | F2: kW | G2: 380 | H2: 30 | I2: 50 | J2: 4 | K2: 1470 | L2: -- | M2: -- | N2: 160L | O2: 42 | P2: 3 | S2: 55 | T2: F | V2: Delta | W2: Not Available | AA2: 254 | AB2: 254 | AC2: 160 | AE2: Internal | AF2: Horizontal
A3: =(EMO!A3) -> EMO000349 | B3: ABB | D3: MBT | E3: 45 | F3: kW | G3: 380 | H3: 88 | I3: 50 | J3: 4 | K3: 1475 | N3: 225M | O3: 60 | P3: 3 | S3: 55 | T3: F | V3: Delta | W3: Available | AA3: 286/311 | AB3: 356 | AC3: 225 | AE3: Internal | AF3: Horizontal
A4: =(EMO!A4) -> EMO000407 | B4: TECO | C4: 75B23000 | D4: AEEBKB | E4: 30 | F4: kW | G4: 380 | H4: 57 | I4: 50 | J4: 4 | K4: 1480 | L4: 6312 | M4: 6212 | N4: 200LA | O4: 55 | P4: 3 | S4: 55 | T4: F | V4: Delta | W4: Available | AA4: 305 | AB4: 318 | AC4: 200 | AE4: Internal | AF4: Horizontal
A5: =(EMO!A5) -> EMO000436 | B5: EBER HARD BAUER | C5: 1895530 | D5: SG335 | E5: 0.11 | F5: kW | G5: 380 | H5: 0.55 | I5: 50 | J5: 4 | K5: 1390 | P5: 3 | T5: F | W5: Not Available | AE5: Internal | AF5: Vertical
A6: =(EMO!A6) -> EMO000435 | B6: ABB | C6: 3219691 | D6: HXR | E6: 75 | F6: kW | G6: 380 | H6: 144 | I6: 50 | J6: 6 | K6: 988 | L6: 6316 | M6: 6315 | N6: 280M | P6: 3 | S6: 55 | T6: F | V6: Delta | W6: Available | AC6: 280 | AE6: Internal | AF6: Horizontal
A7: =(EMO!A7) -> EMO000438 | B7: ABB | C7: 3219690 | D7: HXR | E7: 75 | F7: kW | G7: 380 | H7: 144 | I7: 50 | J7: 6 | K7: 988 | L7: 6316 | M7: 6315 | N7: 280M | P7: 3 | S7: 55 | T7: F | V7: Delta | W7: Available | AC7: 280 | AE7: Internal | AF7: Horizontal
A8: =(EMO!A8) -> EMO002909 | B8: TECO | C8: P9624252 | D8: AEBB | E8: 55 | F8: kW | G8: 380 | H8: 108 | I8: 50 | J8: 6 | K8: 970 | L8: NU318 | M8: 6316 | N8: 280SC | O8: 80 | P8: 3 | S8: 55 | T8: F | V8: Delta | W8: Available | AA8: 368 | AB8: 457 | AC8: 280 | AE8: Internal | AF8: Horizontal
A9: =(EMO!A9) -> EMO000443 | B9: TECO | C9: K9500353-200 | D9: AEEBAC | E9: 3.7 | F9: kW | G9: 380 | H9: 8.41 | I9: 50 | J9: 4 | K9: 1440 | L9: 6306 | M9: 6306 | N9: 112 | O9: 28 | P9: 3 | S9: 55 | T9: F | V9: Star | W9: Not Available | AA9: 140 | AB9: 190 | AC9: 112 | AE9: Internal | AF9: Horizontal
A10: =(EMO!A10) -> EMO000445 | B10: ABB | C10: 3180225 | D10: HXR | E10: 55 | F10: kW | G10: 380 | H10: 112 | I10: 50 | J10: 8 | K10: 740 | L10: 6319 | M10: 6316 | N10: 315 | P10: 3 | S10: 55 | T10: F | V10: Delta | W10: Available | AE10: Internal | AF10: Horizontal
A11: =(EMO!A11) -> EMO000446 | B11: ABB | C11: 3180262 | D11: HXR | E11: 37 | F11: kW | G11: 380 | H11: 71 | I11: 50 | J11: 6 | K11: 984 | L11: 6315 | M11: 6313 | N11: 250 | P11: 3 | S11: 55 | T11: F | V11: Delta | W11: Available | AE11: Internal | AF11: Horizontal
A12: =(EMO!A12) -> EMO000447 | B12: Rotorni | D12: XC | E12: 30 | F12: kW | G12: 380 | H12: 57 | I12: 50 | J12: 4 | K12: 1465 | N12: 200L | P12: 3 | S12: 55 | T12: F | V12: Delta | W12: Available | AE12: Internal | AF12: Vertical
A13: =(EMO!A13) -> EMO000382 | B13: ABB | D13: M2AA | E13: 37 | F13: kW | G13: 380 | H13: 71 | I13: 50 | J13: 4 | K13: 1470 | L13: 6313 | M13: 6313 | N13: 225 | P13: 3 | S13: 55 | T13: F | V13: Delta | W13: Available | AE13: Internal | AF13: Horizontal
A14: =(EMO!A14) -> EMO000452 | B14: TECO | C14: 7504760021 | D14: AEEBKB | E14: 75 | F14: kW | G14: 380 | H14: 140 | I14: 50 | J14: 4 | K14: 1475 | L14: 6316 | M14: 6213 | P14: 3 | S14: 55 | T14: F | V14: Delta | W14: Available | AE14: Internal | AF14: Horizontal
A15: =(EMO!A15) -> EMO000453 | B15: ABB | C15: 36B4182500 | D15: M2BA | E15: 22 | F15: kW | G15: 380 | H15: 42 | I15: 50 | J15: 4 | K15: 1470 | L15: 6310 | M15: 6310 | N15: 180L | P15: 3 | Q15: 0.87 | S15: 55 | T15: F | V15: Delta | W15: Not Available | AE15: Internal | AF15: Horizontal
A16: =(EMO!A16) -> EMO000454 | B16: LEROY SOMER | C16: 16003743 | D16: LS | E16: 18.5 | F16: kW | G16: 380 | H16: 37 | I16: 50 | J16: 4 | K16: 1445 | L16: 6310 | M16: 6210 | N16: 180 | P16: 3 | S16: 55 | T16: F | V16: Delta | W16: Not Available | AE16: Internal | AF16: Horizontal
A17: =(EMO!A17) -> EMO000455 | B17: TECO | C17: 9K60029 | D17: AEEBKB | E17: 15 | F17: kW | G17: 380 | H17: 31.9 | I17: 50 | J17: 6 | K17: 960 | L17: 6311 | M17: 6310 | N17: 180L | P17: 3 | S17: 50 | T17: F | V17: Delta | W17: Not Available | AE17: Internal | AF17: Horizontal
A18: =(EMO!A18) -> EMO000456 | B18: Huada | C18: 597205011 | D18: Y2 | E18: 37 | F18: kW | G18: 380 | H18: 69.9 | I18: 50 | J18: 4 | K18: 1475 | L18: -- | M18: -- | N18: 225S | P18: 3 | Q18: 0.87 | S18: 50 | T18: F | V18: Delta | W18: Not Available | AE18: Internal | AF18: Horizontal
A19: =(EMO!A19) -> EMO000458 | B19: ABB | C19: MK171008-AD | D19: MBT | E19: 30 | F19: kW | G19: 380 | H19: 61 | I19: 50 | J19: 4 | K19: 1475 | N19: 200L | P19: 3 | S19: 55 | T19: F | V19: Delta | W19: Available | AE19: Internal | AF19: Horizontal
A20: =(EMO!A20) -> EMO000459 | B20: ABB | C20: 00 405 | D20: MBT | E20: 15 | F20: kW | G20: 380 | H20: 30 | I20: 50 | J20: 4 | K20: 1450 | L20: 6209 | M20: 6209 | N20: 160L | O20: 42 | P20: 3 | S20: 55 | T20: F | V20: Delta | W20: Not Available | AA20: 254 | AB20: 254 | AC20: 160 | AE20: Internal | AF20: Horizontal
A21: =(EMO!A21) -> EMO000460 | B21: ABB | D21: MBT | E21: 15 | F21: kW | G21: 380 | H21: 30 | I21: 50 | J21: 4 | K21: 1470 | P21: 3 | S21: 55 | T21: F | V21: Star | W21: Not Available | AE21: Internal | AF21: Horizontal
A22: =(EMO!A22) -> EMO003501 | B22: ABB | C22: 3222176 | D22: M2BA | E22: 90 | F22: kW | G22: 380 | H22: 169 | I22: 50 | J22: 6 | K22: 989 | L22: 6319 | M22: 6316 | N22: 315SMB | P22: 3 | S22: 55 | T22: F | V22: Delta | W22: Available | AE22: Internal | AF22: Horizontal
A23: =(EMO!A23) -> EMO000462 | B23: ABB | C23: 00 445 | D23: MBT | E23: 22 | F23: kW | G23: 380 | H23: 44 | I23: 50 | J23: 4 | K23: 1470 | L23: 6211 | M23: 6210 | N23: 180L | O23: 48 | P23: 3 | S23: 55 | T23: F | V23: Delta | W23: Not Available | AA23: 241/279 | AB23: 279 | AC23: 180 | AE23: Internal | AF23: Horizontal
A24: =(EMO!A24) -> EMO002103 | B24: ABB | C24: 7474416 | D24: MBV 280S | E24: 75 | F24: kW | G24: 380 | H24: 145 | I24: 50 | J24: 4 | K24: 1480 | N24: 280 | P24: 3 | Q24: 0.85 | S24: 54 | T24: F | V24: Delta | W24: Available | AE24: Internal | AF24: Horizontal
A25: =(EMO!A25) -> EMO000464 | B25: ABB | C25: 462 | D25: MBT | E25: 18.5 | F25: kW | G25: 380 | H25: 39 | I25: 50 | J25: 4 | K25: 1470 | N25: 160L | P25: 3 | S25: 55 | T25: F | V25: Delta | W25: Not Available | AE25: Internal | AF25: Horizontal
A26: =(EMO!A26) -> EMO001060 | B26: TECO | D26: AEEB | E26: 15 | F26: kW | G26: 380 | H26: 29.4 | I26: 50 | J26: 4 | K26: 1455 | L26: 6309 | M26: 6307 | N26: 160M | P26: 3 | S26: 55 | T26: F | V26: Delta | W26: Not Available | AE26: Internal | AF26: Horizontal
A27: =(EMO!A27) -> EMO000467 | B27: ABB | C27: MK161005-AD | D27: MBT | E27: 15 | F27: kW | G27: 380 | H27: 30 | I27: 50 | J27: 4 | K27: 1460 | N27: 160L | P27: 3 | S27: 55 | T27: F | V27: Delta | W27: Not Available | AE27: Internal | AF27: Horizontal
A28: =(EMO!A28) -> EMO000468 | B28: TECO | C28: MN60170-1 | D28: AEEBWA | E28: 22 | F28: kW | G28: 380 | H28: 45.9 | I28: 50 | J28: 6 | K28: 965 | L28: 6312 | M28: 6212 | N28: 200L | P28: 3 | S28: 55 | T28: F | V28: Delta | W28: Available | AE28: Internal | AF28: Horizontal
A29: =(EMO!A29) -> EMO000469 | B29: CGE | C29: 273954062 | D29: C225S | E29: 37 | F29: kW | G29: 380 | H29: 70 | I29: 50 | J29: 4 | K29: 1470 | N29: 225S | P29: 3 | S29: 55 | T29: F | V29: Delta | W29: Available | AE29: Internal | AF29: Horizontal
A30: =(EMO!A30) -> EMO000470 | B30: TECO | C30: 9060002 | D30: AEEBAC | E30: 55 | F30: kW | G30: 380 | H30: 108 | I30: 50 | J30: 6 | K30: 970 | L30: NU218 | M30: 6214 | N30: 280SC | P30: 3 | S30: 55 | T30: F | V30: Delta | W30: Available | AE30: Internal | AF30: Horizontal
A31: =(EMO!A31) -> EMO000471 | B31: ASGEN | C31: 616357 | D31: 280M | E31: 55 | F31: kW | G31: 380 | H31: 108 | I31: 50 | J31: 6 | K31: 960 | N31: 280SC | P31: 3 | S31: 55 | T31: F | V31: Delta | W31: Available | AE31: Internal | AF31: Horizontal
A32: =(EMO!A32) -> EMO000472 | B32: XDJ | C32: 911038 | D32: C225S | E32: 37 | F32: kW | G32: 380 | H32: 70.4 | I32: 50 | J32: 4 | K32: 1480 | L32: 6313 | M32: 6313 | N32: 225 | P32: 3 | S32: 44 | T32: B | V32: Delta | W32: Available | AE32: Internal | AF32: Horizontal
A33: =(EMO!A33) -> EMO002949 | B33: ABB | C33: MK4281636-A | D33: HXR | E33: 45 | F33: kW | G33: 380 | H33: 86 | I33: 50 | J33: 6 | K33: 986 | L33: 6316 | M33: 6315 | N33: 280S | P33: 3 | S33: 55 | T33: F | V33: Delta | W33: Available | AE33: Internal | AF33: Horizontal
A34: =(EMO!A34) -> EMO000474 | B34: TECO | C34: 9060003 | D34: AEEBAC | E34: 55 | F34: kW | G34: 380 | H34: 108 | I34: 50 | J34: 6 | K34: 970 | L34: NU219 | M34: 6213 | N34: 280S | P34: 3 | S34: 55 | T34: F | V34: Delta | W34: Available | AE34: Internal | AF34: Horizontal
A35: =(EMO!A35) -> EMO000476 | B35: ABB | C35: 1701007-AP | D35: MBT | E35: 22 | F35: kW | G35: 380 | H35: 44 | I35: 50 | J35: 4 | K35: 1470 | N35: 180L | P35: 3 | S35: 55 | T35: F | V35: Delta | W35: Not Available | AE35: Internal | AF35: Horizontal
A36: =(EMO!A36) -> EMO000545 | B36: ROTOR-ni | C36: 730494-3 | D36: XF200L | E36: 22 | F36: kW | G36: 380 | H36: 44.5 | I36: 50 | J36: 6 | K36: 970 | N36: 200L | P36: 3 | S36: 55 | T36: F | V36: Delta | W36: Available | AE36: Internal | AF36: Horizontal
A37: =(EMO!A37) -> EMO000481 | B37: TECO | C37: K96068907 | D37: AEEBCB | E37: 37 | F37: kW | G37: 380 | H37: 70.9 | I37: 50 | J37: 4 | K37: 1455 | L37: 6313 | M37: 6213 | N37: 225 | P37: 3 | S37: 54 | T37: F | U37: S1 | V37: Delta | W37: Available | AC37: 225 | AE37: Internal | AF37: Horizontal
A38: =(EMO!A38) -> EMO000105 | B38: ABB | D38: MBT | E38: 7.5 | F38: kW | G38: 380 | H38: 16 | I38: 50 | J38: 4 | K38: 1470 | L38: 6208 | M38: 6206 | N38: 132M | P38: 3 | S38: 55 | T38: F | V38: Delta | W38: Not Available | AE38: Internal | AF38: Horizontal
A39: =(EMO!A39) -> EMO000487 | B39: FUJI ELECTRIK | C39: 1520911001415 | D39: MLA | E39: 7.5 | F39: kW | G39: 380 | H39: 15 | I39: 50 | J39: 4 | K39: 1460 | L39: 6308 | M39: 6209 | N39: 150M | P39: 3 | S39: 44 | T39: B | V39: Delta | W39: Not Available | AE39: Internal | AF39: Horizontal
A40: =(EMO!A40) -> EMO003727 | B40: ABB | C40: 4439VM | D40: HXA | E40: 7.5 | F40: kW | G40: 380 | H40: 16.3 | I40: 50 | J40: 4 | K40: 1440 | L40: 6308 | M40: 6307 | N40: 132 | O40: 38 | P40: 3 | Q40: 0.82 | S40: 55 | T40: F | U40: S1 | V40: Delta | W40: Available | AE40: Internal | AF40: Vertical
A41: =(EMO!A41) -> EMO000489 | B41: BENLLERS | D41: FC | E41: 7.5 | F41: kW | G41: 380 | H41: 16 | I41: 50 | J41: 4 | K41: 1445 | N41: 132M | P41: 3 | S41: 55 | T41: F | V41: Delta | W41: Not Available | AE41: Internal | AF41: Vertical
A42: =(EMO!A42) -> EMO000491 | B42: MEZ | C42: 2571911 | D42: 4AP | E42: 7.5 | F42: kW | G42: 380 | H42: 15 | I42: 50 | J42: 4 | K42: 1450 | N42: 132M | P42: 3 | Q42: 0.86 | S42: 55 | T42: F | V42: Delta | W42: Not Available | AE42: Internal | AF42: Vertical
A43: =(EMO!A43) -> EMO000490 | B43: BENLLERS | C43: 9239453 | D43: FC132M | E43: 7.5 | F43: kW | G43: 380 | H43: 16.3 | I43: 50 | J43: 4 | K43: 1450 | N43: 132M | P43: 3 | S43: 55 | T43: F | V43: Delta | W43: Not Available | AE43: Internal | AF43: Vertical
A44: =(EMO!A44) -> EMO003782 | B44: BAUER | D44: SG335 | E44: 0.11 | F44: kW | G44: 380 | H44: 0.55 | I44: 50 | J44: 4 | K44: 1320 | P44: 3 | Q44: 0.84 | S44: 68 | T44: F | V44: Delta | W44: Not Available | AE44: Internal | AF44: Vertical
A45: =(EMO!A45) -> EMO003526 | B45: TECO | C45: E3152187092 | D45: AEVF | E45: 3.7 | F45: kW | G45: 380 | H45: 8.03 | I45: 50 | J45: 4 | K45: 1445 | L45: 6306 | M45: 6306 | N45: 112M | P45: 3 | S45: 54 | T45: F | V45: Delta | W45: Not Available | AE45: Internal | AF45: Vertical
A46: =(EMO!A46) -> EMO000496 | B46: TECO | C46: M242001 | D46: AEAF | E46: 15 | F46: kW | G46: 380 | H46: 29 | I46: 50 | J46: 4 | K46: 1450 | L46: 6313 | M46: 6307 | N46: 160L | P46: 3 | S46: 54 | T46: F | U46: S1 | V46: Delta | W46: Available | AC46: 160 | AE46: Internal | AF46: Horizontal
A47: =(EMO!A47) -> EMO000495 | B47: ABB | C47: MK161004-MD | D47: MBT | E47: 11 | F47: kW | G47: 380 | H47: 23 | I47: 50 | J47: 4 | K47: 1455 | N47: 160 M | P47: 3 | S47: 55 | T47: F | U47: S1 | V47: Delta | W47: Not Available | AC47: 160 | AE47: Internal | AF47: Horizontal
A48: =(EMO!A48) -> EMO000497 | B48: TECO | C48: 1730380102 | D48: AEVF | E48: 3.7 | F48: kW | G48: 380 | H48: 8.03 | I48: 50 | J48: 4 | K48: 1445 | L48: 6306 | M48: 6306 | P48: 3 | S48: 54 | T48: E | V48: Delta | W48: Not Available | AE48: Internal | AF48: Vertical
A49: =(EMO!A49) -> EMO000499 | B49: TECO | C49: 1963110040 | D49: AEVF | E49: 7.5 | F49: kW | G49: 380 | H49: 15 | I49: 50 | J49: 4 | K49: 1450 | L49: 6306 | M49: 6309 | N49: 132M | P49: 3 | S49: 54 | T49: B | U49: S1 | V49: Delta | W49: Not Available | AC49: 132 | AE49: Internal | AF49: Vertical
A50: =(EMO!A50) -> EMO000570 | B50: TECO | C50: K040614 -2 | D50: AEEB | E50: 75 | F50: kW | G50: 380 | H50: 143 | I50: 50 | J50: 6 | K50: 975 | L50: 6318 | M50: 6316 | N50: 280M | P50: 3 | S50: 55 | T50: F | V50: Delta | W50: Available | AE50: Internal | AF50: Horizontal
A51: =(EMO!A51) -> EMO000672 | B51: ABB | C51: 1010309 | D51: M2BA | E51: 15 | F51: kW | G51: 380 | H51: 29.5 | I51: 50 | J51: 4 | K51: 1460 | L51: 6309 | M51: 6309 | N51: 160L | P51: 3 | S51: 55 | T51: F | V51: Delta | W51: Not Available | AE51: Internal | AF51: Horizontal
A52: =(EMO!A52) -> EMO000717 | B52: ABB | C52: 3334829 | D52: M2BA | E52: 200 | F52: kW | G52: 380 | H52: 366 | I52: 50 | J52: 4 | K52: 1480 | L52: 6319 | M52: 6316 | N52: 315M | P52: 3 | Q52: 0.87 | S52: 55 | T52: F | U52: S1 | W52: Available | AE52: Internal | AF52: Horizontal
A53: =(EMO!A53) -> EMO000885 | B53: ABB | D53: M2BA | E53: 30 | F53: kW | G53: 380 | H53: 59 | I53: 50 | J53: 4 | K53: 1475 | N53: 200L | P53: 3 | S53: 55 | T53: F | V53: Delta | W53: Available | AE53: Internal | AF53: Horizontal
A54: =(EMO!A54) -> EMO000913 | B54: TECO | C54: K 050409 - 1 | D54: AEEB | E54: 22 | F54: kW | G54: 380 | H54: 44.3 | I54: 50 | J54: 4 | K54: 1470 | M54: 6310 | N54: 180L | O54: 48 | P54: 3 | S54: 55 | T54: F | V54: Delta | W54: Available | AA54: 279 | AB54: 279 | AC54: 180 | AE54: Internal | AF54: Horizontal
A55: =(EMO!A55) -> EMO000978 | B55: TECO | C55: 758347058 | D55: AEEBKP | E55: 55 | F55: kW | G55: 380 | H55: 105 | I55: 50 | J55: 4 | K55: 1470 | L55: 6316 | M55: 6213 | N55: 250S | P55: 3 | S55: 55 | T55: F | V55: Delta | W55: Available | AE55: Internal | AF55: Horizontal
A56: =(EMO!A56) -> EMO003408 | B56: ABB | C56: MK 17 1008- AD | D56: MBT | E56: 30 | F56: kW | G56: 380 | H56: 61 | I56: 50 | J56: 4 | K56: 1475 | N56: 200L | P56: 3 | S56: 55 | T56: F | V56: Delta | W56: Not Available | AE56: Internal | AF56: Horizontal
A57: =(EMO!A57) -> EMO002151 | B57: ABB | C57: 78641477 | D57: MBV 280S | E57: 75 | F57: kW | G57: 380 | H57: 145 | I57: 50 | J57: 4 | K57: 1480 | N57: 280SC | P57: 3 | S57: 55 | T57: F | V57: Delta | W57: Available | AE57: Internal | AF57: Horizontal
A58: =(EMO!A58) -> EMO002450 | B58: ABB | C58: MK271013AD | D58: MBV 280S | E58: 75 | F58: kW | G58: 380 | H58: 145 | I58: 50 | J58: 4 | K58: 1480 | N58: 280 | P58: 3 | S58: 55 | T58: F | V58: Delta | W58: Available | AE58: Internal | AF58: Horizontal
A59: =(EMO!A59) -> EMO002913 | B59: TECO | C59: 758347038 | D59: AEEBKP | E59: 55 | F59: kW | G59: 380 | H59: 105 | I59: 50 | J59: 4 | K59: 1470 | L59: 6316 | M59: 6213 | N59: 250S | P59: 3 | S59: 55 | T59: F | V59: Delta | W59: Available | AE59: Internal | AF59: Horizontal
A60: =(EMO!A60) -> EMO003133 | B60: LEROY SOMER | D60: LS | E60: 37 | F60: kW | G60: 380 | H60: 74 | I60: 50 | J60: 4 | K60: 1470 | L60: 6313 | M60: 6214 | N60: 225S | P60: 3 | S60: 55 | T60: F | V60: Delta | W60: Available | AE60: Internal | AF60: Horizontal
A61: =(EMO!A61) -> EMO000520 | B61: ABB | C61: MK171011-AO | D61: MBT | E61: 55 | F61: kW | G61: 380 | H61: 108 | I61: 50 | J61: 4 | K61: 1480 | L61: -- | M61: -- | N61: 250M | P61: 3 | S61: 55 | T61: F | V61: Delta | W61: Available | AE61: Internal | AF61: Vertical
A62: =(EMO!A62) -> EMO003580 | B62: BAUER | C62: 1895530 | D62: SG335 | E62: 0.11 | F62: kW | G62: 380 | H62: 0.55 | I62: 50 | J62: 4 | K62: 1320 | P62: 3 | Q62: 0.84 | S62: 68 | T62: F | V62: Delta | W62: Not Available | AE62: Internal | AF62: Vertical
A63: =(EMO!A63) -> EMO003632 | B63: MARATHON | C63: 3200003221.J | D63: HJN1 | E63: 22 | F63: kW | G63: 380 | H63: 42.4 | I63: 50 | J63: 4 | K63: 1470 | N63: 180L | P63: 3 | S63: 55 | T63: F | V63: Delta | W63: Available | AE63: Internal | AF63: Horizontal
A64: =(EMO!A64) -> EMO003635 | B64: MARATHON | C64: 320003209102010 | D64: HK | E64: 45 | F64: kW | G64: 380 | H64: 90.1 | I64: 50 | J64: 8 | K64: 735 | L64: NU317 | M64: 6317 | N64: 280 | P64: 3 | S64: 55 | T64: F | V64: Delta | W64: Available | AE64: Internal | AF64: Vertical
A65: =(EMO!A65) -> EMO003657 | B65: MARATHON | C65: 66744605j | D65: HJN1 | E65: 30 | F65: kW | G65: 380 | H65: 57.7 | I65: 50 | J65: 4 | K65: 1470 | L65: 6312 | M65: 6312 | N65: 200L | P65: 3 | S65: 55 | T65: F | V65: Delta | W65: Available | AE65: Internal | AF65: Horizontal
A66: =(EMO!A66) -> EMO000412 | B66: STROMBERG | C66: 2041MP2 | D66: HXUR | E66: 11 | F66: kW | G66: 380 | H66: 21.9 | I66: 50 | J66: 6 | K66: 960 | L66: 6309 | M66: 6307 | N66: 160 | P66: 3 | S66: 55 | T66: F | U66: S1 | V66: Delta | W66: Available | AE66: Internal | AF66: Horizontal
A67: =(EMO!A67) -> EMO000085 | B67: TECO | C67: P9723112 | D67: AEEBKA | E67: 22 | F67: kW | G67: 380 | H67: 46.9 | I67: 50 | J67: 6 | K67: 970 | L67: 6312 | M67: 6212 | N67: 200 | P67: 3 | S67: 55 | T67: F | V67: Delta | W67: Available | AE67: Internal | AF67: Horizontal
A68: =(EMO!A68) -> EMO000193 | B68: ABB | D68: qu | E68: 4 | F68: kW | G68: 380 | H68: 8.9 | I68: 50 | J68: 4 | K68: 1430 | N68: 112 | P68: 3 | S68: 55 | T68: F | V68: Delta | W68: Not Available | AE68: Internal | AF68: Horizontal
A69: =(EMO!A69) -> EMO000368 | B69: TECO | C69: 9j60020 | D69: AEEBAC | E69: 11 | F69: kW | G69: 380 | H69: 23.7 | I69: 50 | J69: 6 | K69: 965 | L69: 6309 | M69: 6307 | N69: 160L | P69: 3 | S69: 55 | T69: F | V69: Delta | W69: Not Available | AE69: Internal | AF69: Horizontal
A70: =(EMO!A70) -> EMO000370 | B70: ABB | C70: 3180321-5368 | D70: HXR | E70: 55 | F70: kW | G70: 380 | H70: 107 | I70: 50 | J70: 4 | K70: 1475 | L70: 6315 | M70: 6313 | N70: 250M | P70: 3 | Q70: 0.84 | S70: 55 | T70: F | V70: Delta | W70: Available | AA70: 349 | AB70: 406 | AC70: 250 | AE70: Internal | AF70: Horizontal
A71: =(EMO!A71) -> EMO000372 | B71: ABB | C71: 3300840 | D71: M2BA | E71: 75 | F71: kW | G71: 380 | H71: 140 | I71: 50 | J71: 4 | K71: 1481 | L71: 6316 | M71: 6316 | N71: 280S | P71: 3 | Q71: 0.87 | S71: 55 | T71: F | V71: Delta | W71: Available | AA71: 368 | AB71: 457 | AC71: 280 | AE71: Internal | AF71: Horizontal
A72: =(EMO!A72) -> EMO000498 | B72: YASKAWA | C72: 175 | D72: FELF-5 | E72: 11 | F72: kW | G72: 380 | H72: 22 | I72: 50 | J72: 4 | K72: 1455 | P72: 3 | W72: Not Available | AE72: Internal | AF72: Vertical
A73: =(EMO!A73) -> EMO000376 | B73: TECO | C73: C 065669-1 | D73: AEJH-VB001 | E73: 250 | F73: kW | G73: 3000 | H73: 62.9 | I73: 50 | J73: 8 | K73: 740 | L73: NU330 | M73: 6322 | N73: 400AC | P73: 3 | S73: 55 | T73: F | W73: Available | AE73: Internal | AF73: Horizontal
A74: =(EMO!A74) -> EMO000377 | B74: ABB | C74: 00 664 | D74: HXA | E74: 4 | F74: kW | G74: 380 | H74: 8.7 | I74: 50 | J74: 4 | K74: 1425 | L74: 6307 | M74: 6206 | N74: 112M | P74: 3 | Q74: 0.83 | S74: 55 | T74: F | W74: Not Available | AA74: 140 | AB74: 190 | AC74: 112 | AE74: Internal | AF74: Horizontal
A75: =(EMO!A75) -> EMO000378 | B75: ABB | C75: 00 665 | D75: HXA | E75: 4 | F75: kW | G75: 380 | H75: 8.7 | I75: 50 | J75: 4 | K75: 1425 | L75: 6307 | M75: 6206 | N75: 112M | P75: 3 | Q75: 0.83 | S75: 55 | T75: F | W75: Not Available | AA75: 140 | AB75: 190 | AC75: 112 | AE75: Internal | AF75: Horizontal
A76: =(EMO!A76) -> EMO000380 | B76: ABB | C76: 00 667 | D76: HXA | E76: 4 | F76: kW | G76: 380 | H76: 8.7 | I76: 50 | J76: 4 | K76: 1425 | L76: 6307 | M76: 6206 | N76: 112M | P76: 3 | Q76: 0.83 | S76: 55 | T76: F | W76: Not Available | AA76: 140 | AB76: 190 | AC76: 112 | AE76: Internal | AF76: Horizontal
A77: =(EMO!A77) -> EMO000381 | B77: ABB | C77: 00 668 | D77: HXA | E77: 4 | F77: kW | G77: 380 | H77: 8.7 | I77: 50 | J77: 4 | K77: 1425 | L77: 6307 | M77: 6206 | N77: 112M | P77: 3 | Q77: 0.83 | S77: 55 | T77: F | W77: Not Available | AA77: 140 | AB77: 190 | AC77: 112 | AE77: Internal | AF77: Horizontal
A78: =(EMO!A78) -> EMO002850 | B78: ABB | C78: 00 215 | D78: MBT | E78: 37 | F78: kW | G78: 380 | H78: 74 | I78: 50 | J78: 4 | K78: 1475 | L78: 6214 | M78: 6214 | N78: 225S | P78: 3 | S78: 55 | T78: F | W78: Available | AA78: 286/311 | AB78: 356 | AC78: 225 | AE78: Internal | AF78: Horizontal
A79: =(EMO!A79) -> EMO000383 | B79: ABB | C79: 3344509 | D79: M2BA | E79: 200 | F79: kW | G79: 380 | H79: 370 | I79: 50 | J79: 6 | K79: 991 | L79: 6322 | M79: 6319 | N79: 355 | O79: 100 | P79: 3 | Q79: 0.86 | S79: 55 | T79: F | V79: Delta | W79: Available | AE79: Internal | AF79: Vertical
A80: =(EMO!A80) -> EMO000384 | B80: ABB | D80: M2BA | E80: 45 | F80: kW | G80: 380 | H80: 86 | I80: 50 | J80: 4 | K80: 1475 | L80: 6313 | M80: 6313 | N80: 225S | P80: 3 | S80: 55 | T80: F | W80: Available | AE80: Internal | AF80: Horizontal
A81: =(EMO!A81) -> EMO004242 | B81: MARATHON | C81: AK1519650i J | D81: HJN1 | E81: 45 | F81: kW | G81: 380 | H81: 85.8 | I81: 50 | J81: 6 | K81: 985 | L81: nu317 | M81: 6317 | P81: 3 | Q81: 0.86 | S81: 55 | T81: F | V81: Delta | W81: Available | AE81: Internal | AF81: Horizontal
A82: =(EMO!A82) -> EMO000051 | B82: ABB | D82: QU112M4AT | E82: 4 | F82: kW | G82: 380 | H82: 8.95 | I82: 50 | J82: 4 | K82: 1430 | L82: 6205 | M82: 6205 | N82: 112M | P82: 3 | S82: 55 | T82: F | W82: Not Available | AE82: Internal | AF82: Horizontal
A83: =(EMO!A83) -> EMO004243 | B83: MARATHON | C83: AK15196601 J | D83: HJN1 | E83: 55 | F83: kW | G83: 380 | H83: 103 | I83: 50 | J83: 4 | K83: 1480 | P83: 3 | Q83: 0.87 | W83: Available | AE83: Internal | AF83: Horizontal
A84: =(EMO!A84) -> EMO000391 | B84: ABB | C84: 3180224 - 5887 | D84: HXR | E84: 55 | F84: kW | G84: 380 | H84: 112 | I84: 50 | J84: 8 | K84: 740 | L84: 6319 | M84: 6316 | P84: 3 | Q84: 0.81 | S84: 55 | T84: F | U84: S1 | V84: Delta | W84: Available | AE84: Internal | AF84: Vertical
A85: =(EMO!A85) -> EMO000392 | B85: ABB | C85: 31833561 - 7915 RM | D85: HXR | E85: 37 | F85: kW | G85: 380 | H85: 71 | I85: 50 | J85: 6 | K85: 984 | L85: 6315 | M85: 6313 | P85: 3 | Q85: 0.85 | S85: 55 | T85: F | U85: S1 | V85: Delta | W85: Available | AE85: Internal | AF85: Vertical
A86: =(EMO!A86) -> EMO000393 | B86: ABB | C86: 318440 - 5988 RM | D86: HXR | E86: 30 | F86: kW | G86: 380 | H86: 61 | I86: 50 | J86: 6 | K86: 985 | L86: 6313 | M86: 6312 | P86: 3 | S86: 55 | T86: F | U86: S1 | V86: Delta | W86: Available | AE86: Internal | AF86: Vertical
A87: =(EMO!A87) -> EMO000400 | B87: TECO | C87: 9K50001 | D87: AEEBAC | E87: 15 | F87: kW | G87: 380 | H87: 31.5 | I87: 50 | J87: 6 | K87: 965 | L87: 6311 | M87: 6310 | N87: 180L | P87: 3 | S87: 55 | T87: F | V87: Delta | W87: Not Available | AE87: Internal | AF87: Horizontal
A88: =(EMO!A88) -> EMO000402 | B88: ABB | C88: 9K60017 | D88: AEEBAC | E88: 15 | F88: kW | G88: 380 | H88: 15 | I88: 50 | J88: 6 | K88: 960 | L88: 6311 | M88: 6310 | N88: 180 | P88: 3 | S88: 50 | T88: F | V88: Delta | W88: Not Available | AE88: Internal | AF88: Horizontal
A89: =(EMO!A89) -> EMO000404 | B89: ABB | C89: MK171005 | D89: MBT | E89: 15 | F89: kW | G89: 380 | H89: 30 | I89: 50 | J89: 4 | K89: 1470 | L89: -- | M89: -- | N89: 160 | P89: 3 | Q89: 0.79 | S89: 50 | T89: F | V89: Delta | W89: Not Available | AE89: Internal | AF89: Horizontal
A90: =(EMO!A90) -> EMO000726 | B90: ABB | D90: MBT | E90: 15 | F90: kW | G90: 380 | H90: 30 | I90: 50 | J90: 4 | K90: 1470 | L90: -- | M90: -- | N90: 160 | P90: 3 | Q90: 0.83 | S90: 50 | T90: F | V90: Delta | W90: Not Available | AE90: Internal | AF90: Horizontal
A91: =(EMO!A91) -> EMO000408 | B91: ABB | C91: MK171008AD | D91: MBT | E91: 30 | F91: kW | G91: 380 | H91: 61 | I91: 50 | J91: 4 | K91: 1475 | N91: 200L | P91: 3 | S91: 55 | T91: F | V91: Delta | W91: Not Available | AE91: Internal | AF91: Horizontal
A92: =(EMO!A92) -> EMO000409 | B92: HUADA | C92: 5866103011 | D92: Y2 | E92: 22 | F92: kW | G92: 380 | H92: 42 | I92: 50 | J92: 4 | K92: 1470 | N92: 180L | P92: 3 | Q92: 0.85 | S92: 55 | T92: F | V92: Delta | W92: Available | AE92: Internal | AF92: Horizontal
A93: =(EMO!A93) -> EMO000485 | B93: ABB | D93: MBT | E93: 15 | F93: kW | G93: 380 | H93: 30 | I93: 50 | J93: 4 | K93: 1460 | L93: 6209 | M93: 6209 | N93: 160L | P93: 3 | S93: 55 | T93: F | V93: Delta | W93: Not Available | AA93: 210/254 | AB93: 254 | AC93: 160 | AE93: Internal | AF93: Horizontal
A94: =(EMO!A94) -> EMO000413 | B94: ABB | C94: MK171011 | D94: MBT | E94: 55 | F94: kW | G94: 380 | H94: 108 | I94: 50 | J94: 4 | K94: 1480 | L94: -- | M94: -- | N94: 225S | P94: 3 | S94: 55 | T94: F | V94: Delta | W94: Available | AE94: Internal | AF94: Horizontal
A95: =(EMO!A95) -> EMO000731 | B95: TATUNG | C95: 1540608 | D95: FBFC | E95: 11 | F95: kW | G95: 380 | H95: 22 | I95: 50 | J95: 4 | K95: 1445 | N95: 160M | O95: 42 | P95: 3 | S95: 55 | T95: F | W95: Not Available | AA95: 210 | AB95: 254 | AC95: 160 | AE95: Internal | AF95: Horizontal
A96: =(EMO!A96) -> EMO000416 | B96: ABB | C96: MK 17 1008- AD | D96: MBT | E96: 30 | F96: kW | G96: 380 | H96: 61 | I96: 50 | J96: 4 | K96: 1475 | L96: 6213 | M96: 6211 | N96: 200LA | O96: 55 | P96: 3 | S96: 55 | T96: F | V96: Delta | W96: Not Available | AA96: 305 | AB96: 318 | AC96: 200 | AE96: Internal | AF96: Horizontal
A97: =(EMO!A97) -> EMO000417 | B97: ABB | C97: MK 17 1009- AD | D97: MBT | E97: 37 | F97: kW | G97: 380 | H97: 74 | I97: 50 | J97: 4 | K97: 1480 | L97: 6214 | M97: 6214 | N97: 225SM | O97: 60 | P97: 3 | S97: 55 | T97: F | V97: Delta | W97: Available | AA97: 286/311 | AB97: 356 | AC97: 225 | AE97: Internal | AF97: Horizontal
A98: =(EMO!A98) -> EMO003417 | B98: CGE | C98: 3369975 | D98: C132M | E98: 7.5 | F98: kW | G98: 380 | H98: 15 | I98: 50 | J98: 4 | K98: 1470 | N98: 132M | P98: 3 | S98: 55 | T98: F | V98: Delta | W98: Not Available | AA98: 178 | AB98: 216 | AC98: 132 | AE98: Internal | AF98: Horizontal
A99: =(EMO!A99) -> EMO001684 | B99: ABB | D99: MBT | E99: 45 | F99: kW | G99: 380 | H99: 86 | I99: 50 | J99: 4 | K99: 1473 | L99: -- | M99: -- | N99: 225 | P99: 3 | S99: 55 | T99: F | U99: S1 | V99: Delta | W99: Available | AE99: Internal | AF99: Horizontal
A100: =(EMO!A100) -> EMO004978 | B100: ASEA | C100: 406-B012 | D100: M 200 L | E100: 30 | F100: kW | G100: 380 | H100: 61 | I100: 50 | J100: 4 | K100: 1470 | L100: -- | M100: -- | N100: 200L | P100: 3 | S100: 55 | T100: F | U100: S1 | V100: Delta | W100: Available | AE100: Internal | AF100: Horizontal
...

Sheet Sheet1
A1: equipment_type
A2: EMO
A3: MGM
A4: MGB
A5: MFB
A6: MDO

Sheet Sheet2
A1: id | B1: emo
A2: =LEN(B2)>9 -> FALSE | B2: EMO000256
A3: =LEN(B3)>9 -> FALSE | B3: EMO000257
A4: =LEN(B4)>9 -> FALSE | B4: EMO000258
A5: =LEN(B5)>9 -> FALSE | B5: EMO000259
A6: =LEN(B6)>9 -> TRUE | B6: EMO0000236
A7: =LEN(B7)>9 -> FALSE | B7: EMO000260
A8: =LEN(B8)>9 -> FALSE | B8: EMO000261
A9: =LEN(B9)>9 -> FALSE | B9: EMO000262
A10: =LEN(B10)>9 -> FALSE | B10: EMO000263
A11: =LEN(B11)>9 -> FALSE | B11: EMO000236
A12: =LEN(B12)>9 -> FALSE | B12: EMO000237
A13: =LEN(B13)>9 -> FALSE | B13: EMO000238
... A24: =LEN(B24)>9 -> FALSE | B24: EMO000248
