Workbook

Sheet FUNCLOC
A1: id | B1: tag_name | C1: created_at
A2: FP-01-IN1 | B2: TRAFO ENC | C2: 45252.353

Sheet TRANSFORMERS
A1: id | B1: status | C1: funcloc | D1: sort_field | E1: material_number | F1: equipment_description | G1: unique_id | H1: qr_code_link | I1: created_at
A2: ETF000085 | B2: Installed | C2: FP-01-IN1 | D2: TR PLN | F2: TR PLN | G2: 1 | H2: =(G2) -> 1 | I2: 45251.808
A3: ETF000027 | B3: Installed | C3: FP-01-IN1 | D3: TR GTG #1 | F3: TR GTG #1 | G3: 2 | H3: =(G3) -> 2 | I3: 45251.808
A4: ETF000060 | B4: Installed | C4: FP-01-IN1 | D4: TR GTG #2 | F4: TR GTG #2 | G4: 3 | H4: =(G4) -> 3 | I4: 45251.808
A5: ETF000026 | B5: Installed | C5: FP-01-IN1 | D5: TR AUX GTG #1 lama | F5: TR AUX GTG #1 lama | G5: 4 | H5: =(G5) -> 4 | I5: 45251.808
A6: ETF000059 | B6: Installed | C6: FP-01-IN1 | D6: TR AUX GTG #2 | F6: TR AUX GTG #2 | G6: 5 | H6: =(G6) -> 5 | I6: 45251.808
A7: ETF000120 | B7: Installed | C7: FP-01-IN1 | D7: TR AUX GTG #1 Baru | F7: TR AUX GTG #1 Baru | G7: 6 | H7: =(G7) -> 6 | I7: 45251.808
A8: ETF000123 | B8: Installed | C8: FP-01-IN1 | D8: TR INCHENERATOR#1 | F8: TR INCHENERATOR#1 | G8: 7 | H8: =(G8) -> 7 | I8: 45251.808
A9: ETF000006 | B9: Installed | C9: FP-01-IN1 | D9: TR INCHENERATOR#2 | F9: TR INCHENERATOR#2 | G9: 8 | H9: =(G9) -> 8 | I9: 45251.808
A10: ETF000032 | B10: Installed | C10: FP-01-IN1 | D10: TR WWT | F10: TR WWT | G10: 9 | H10: =(G10) -> 9 | I10: 45251.808
A11: ETF000091 | B11: Installed | C11: FP-01-IN1 | D11: TRAFO ESP BOILER 3 NO.1 | F11: TRAFO ESP BOILER 3 NO.1 | G11: 10 | H11: =(G11) -> 10 | I11: 45251.808
A12: ETF000092 | B12: Installed | C12: FP-01-IN1 | D12: TRAFO ESP BOILER 3 NO.2 | F12: TRAFO ESP BOILER 3 NO.2 | G12: 11 | H12: =(G12) -> 11 | I12: 45251.808
A13: ETF000093 | B13: Installed | C13: FP-01-IN1 | D13: TRAFO ESP BOILER 3 NO.3 | F13: TRAFO ESP BOILER 3 NO.3 | G13: 12 | H13: =(G13) -> 12 | I13: 45251.808
... A27: ETF000126 | B27: Installed | C27: FP-01-IN1 | D27: TRAFO MV CELL | F27: TRAFO MV CELL | G27: 26 | H27: =(G27) -> 26 | I27: 45251.808

Sheet TRANSFORMER_DETAILS
A1: transformer_details | B1: power_rate | C1: power_unit | D1: primary_voltage | E1: secondary_voltage | F1: primary_current | G1: secondary_current | H1: primary_connection_type | I1: secondary_connection_type | J1: type | K1: manufacturer | L1: year_of_manufacture | M1: serial_number | N1: vector_group | O1: frequency | P1: insulation_class | Q1: type_of_cooling | R1: temp_rise_oil_winding | S1: weight | T1: weight_of_oil | U1: oil_type | V1: ip_rating
A2: =(TRANSFORMERS!A2) -> ETF000085 | B2: 50000 | C2: kVA | D2: 150000 | E2: 20000 | F2: 192 | G2: 1443 | H2: Delta | I2: Star | J2: =IF(E2>D2,"Step Up","Step Down") -> Step Down | K2: Unindo | L2: 2012 | M2: P050LEC692 | N2: Ynyn 0 + d | O2: 50 | Q2: ONAN/ONAF | T2: 71500
A3: =(TRANSFORMERS!A3) -> ETF000027 | B3: 45000 | C3: kVA | D3: 11000 | E3: 20000 | F3: 2362 | G3: 1237.2 | J3: =IF(E3>D3,"Step Up","Step Down") -> Step Up | K3: Pauwels Trafo | L3: 1995 | M3: 94.4.6289 | N3: Ynd1 | O3: 50 | Q3: ONAN/ONAF 80/100% | T3: 8800
A4: =(TRANSFORMERS!A4) -> ETF000060 | B4: 45000 | C4: kVA | D4: 11000 | E4: 20000 | F4: 2362.5 | G4: 1237.2 | J4: =IF(E4>D4,"Step Up","Step Down") -> Step Up | K4: Pauwels Trafo | L4: 2006 | M4: 0510063 | N4: Ynd1 | O4: 50 | Q4: ONAN/ONAF 80/100% | T4: 8470
A5: =(TRANSFORMERS!A5) -> ETF000026 | B5: 1000 | C5: kVA | D5: 20000 | E5: 400 | F5: 28.87 | G5: 1443 | J5: =IF(E5>D5,"Step Up","Step Down") -> Step Up | K5: Pauwels Trafo | L5: 1995 | M5: 3417186 | N5: Dyn11 | O5: 50 | Q5: ONAN | T5: 510
A6: =(TRANSFORMERS!A6) -> ETF000059 | B6: 2500 | C6: kVA | D6: 20000 | E6: 400 | F6: 72.17 | G6: 3608.44 | J6: =IF(E6>D6,"Step Up","Step Down") -> Step Up | K6: Trafindo | L6: 2005 | M6: 05331629 | N6: Dyn5 | O6: 50 | Q6: ONAN
A7: =(TRANSFORMERS!A7) -> ETF000120 | B7: 3000 | C7: kVA | D7: 20000 | E7: 400 | F7: 86.6 | G7: 4330 | J7: =IF(E7>D7,"Step Up","Step Down") -> Step Up | K7: Schneider | L7: 2016 | M7: 33162210003 | N7: Dyn5 | O7: 50 | Q7: ONAN | T7: 1815
A8: =(TRANSFORMERS!A8) -> ETF000123 | B8: 2500 | C8: kVA | D8: 20000 | E8: 400 | F8: 72.7 | G8: 3608 | J8: =IF(E8>D8,"Step Up","Step Down") -> Step Down | K8: Unindo | L8: 1997 | M8: 58201 | N8: Dyn5 | O8: 50 | Q8: ESSO 80 | T8: 5750
A9: =(TRANSFORMERS!A9) -> ETF000006 | B9: 3000 | C9: kVA | D9: 20000 | E9: 400 | F9: 86.6 | G9: 4330.1 | J9: =IF(E9>D9,"Step Up","Step Down") -> Step Down | K9: Trafindo | L9: 2010 | M9: 10338949 | N9: Dyn5 | O9: 50 | Q9: ONAN
A10: =(TRANSFORMERS!A10) -> ETF000032 | B10: 2500 | C10: kVA | D10: 20000 | E10: 400 | F10: 72.1 | G10: 3608.4 | J10: =IF(E10>D10,"Step Up","Step Down") -> Step Down | K10: Unindo | L10: 1994 | M10: 60952 | N10: Dyn5 | O10: 50 | Q10: ONAN | T10: 5750
A11: =(TRANSFORMERS!A11) -> ETF000091 | B11: 55000 | C11: kVA | D11: 380 | E11: 66000 | J11: =IF(E11>D11,"Step Up","Step Down") -> Step Up | K11: Fujian Longking | L11: 2011 | M11: 2011466 | N11: Not Yet | O11: 50 | Q11: Not Yet
A12: =(TRANSFORMERS!A12) -> ETF000092 | B12: 55000 | C12: kVA | D12: 380 | E12: 66000 | J12: =IF(E12>D12,"Step Up","Step Down") -> Step Up | K12: Fujian Longking | L12: 2011 | M12: 2011465 | N12: Not Yet | O12: 50 | Q12: Not Yet
A13: =(TRANSFORMERS!A13) -> ETF000093 | B13: 55000 | C13: kVA | D13: 380 | E13: 66000 | J13: =IF(E13>D13,"Step Up","Step Down") -> Step Up | K13: Fujian Longking | L13: 2011 | M13: 2011464 | N13: Not Yet | O13: 50 | Q13: Not Yet
A14: =(TRANSFORMERS!A14) -> ETF000105 | B14: 55000 | C14: kVA | D14: 380 | E14: 66000 | J14: =IF(E14>D14,"Step Up","Step Down") -> Step Up | K14: Fujian Longking | L14: 2015 | M14: 2015535 | N14: Not Yet | O14: 50 | Q14: Not Yet
A15: =(TRANSFORMERS!A15) -> ETF000106 | B15: 55000 | C15: kVA | D15: 380 | E15: 66000 | J15: =IF(E15>D15,"Step Up","Step Down") -> Step Up | K15: Fujian Longking | L15: 2015 | M15: 2015534 | N15: Not Yet | O15: 50 | Q15: Not Yet
A16: =(TRANSFORMERS!A16) -> ETF000107 | B16: 55000 | C16: kVA | D16: 380 | E16: 66000 | J16: =IF(E16>D16,"Step Up","Step Down") -> Step Up | K16: Fujian Longking | L16: 2015 | M16: 2015533 | N16: Not Yet | O16: 50 | Q16: Not Yet
A17: =(TRANSFORMERS!A17) -> ETF000108 | B17: 55000 | C17: kVA | D17: 380 | E17: 66000 | J17: =IF(E17>D17,"Step Up","Step Down") -> Step Up | K17: Fujian Longking | L17: 2015 | N17: Not Yet | O17: 50 | Q17: Not Yet
A18: =(TRANSFORMERS!A18) -> ETF000109 | B18: 55000 | C18: kVA | D18: 380 | E18: 66000 | J18: =IF(E18>D18,"Step Up","Step Down") -> Step Up | K18: Fujian Longking | L18: 2015 | N18: Not Yet | O18: 50 | Q18: Not Yet
A19: =(TRANSFORMERS!A19) -> ETF000110 | B19: 55000 | C19: kVA | D19: 380 | E19: 66000 | J19: =IF(E19>D19,"Step Up","Step Down") -> Step Up | K19: Fujian Longking | L19: 2015 | N19: Not Yet | O19: 50 | Q19: Not Yet
A20: =(TRANSFORMERS!A20) -> ETF000113 | B20: 75000 | C20: kVA | D20: 10500 | E20: 22000 | F20: 3299 | G20: 1575 | J20: =IF(E20>D20,"Step Up","Step Down") -> Step Up | K20: Schneider | L20: 2017 | M20: M-377 | N20: Ynd1 | O20: 50 | Q20: ONAN/ONAF | T20: 80000
A21: =(TRANSFORMERS!A21) -> ETF000111 | B21: 12000 | C21: kVA | D21: 22000 | E21: 3150 | F21: 314.9 | G21: 2199.4 | J21: =IF(E21>D21,"Step Up","Step Down") -> Step Down | K21: Schneider | L21: 2016 | M21: M-378 | N21: Dd0 | O21: 50 | Q21: ONAN/ONAF | T21: 25800
A22: =(TRANSFORMERS!A22) -> ETF000112 | B22: 12000 | C22: kVA | D22: 10500 | E22: 3150 | F22: 659.8 | G22: 2199.4 | J22: =IF(E22>D22,"Step Up","Step Down") -> Step Down | K22: Schneider | L22: 2016 | M22: M-380 | N22: Dd0 | O22: 50 | Q22: ONAN/ONAF | T22: 22000
A23: =(TRANSFORMERS!A23) -> ETF000114 | B23: 2500 | C23: kVA | D23: 3000 | E23: 400 | F23: 3608.4 | G23: 1575 | J23: =IF(E23>D23,"Step Up","Step Down") -> Step Down | K23: Schneider | L23: 2016 | M23: 33162210001 | N23: Dyn11 | O23: 50 | Q23: ONAN/ONAF | T23: 5500
A24: =(TRANSFORMERS!A24) -> ETF000115 | B24: 2500 | C24: kVA | D24: 3000 | E24: 400 | F24: 3608.4 | G24: 1575 | J24: =IF(E24>D24,"Step Up","Step Down") -> Step Down | K24: Schneider | L24: 2016 | M24: 3316221002 | N24: Dyn11 | O24: 50 | Q24: ONAN/ONAF | T24: 5500
A25: =(TRANSFORMERS!A25) -> ETF000124 | B25: 3000 | C25: kVA | D25: 20000 | E25: 400 | F25: 86.60 | G25: 4330.13 | J25: =IF(E25>D25,"Step Up","Step Down") -> Step Up | K25: TRAFINDO | L25: 2018 | M25: 081305930 | N25: Dyn5 | O25: 50 | Q25: ONAN | T25: 7330
A26: =(TRANSFORMERS!A26) -> ETF000125 | B26: 3000 | C26: kVA | D26: 20000 | E26: 400 | F26: 86.6 | G26: 4330 | J26: =IF(E26>D26,"Step Up","Step Down") -> Step Down | K26: Trafindo | L26: 2001 | M26: 0230005 | N26: Dyn5 | O26: 50 | Q26: ONAN/ONAF | T26: 2060
A27: =(TRANSFORMERS!A27) -> ETF000126 | B27: 400 | C27: kVA | D27: 20000 | E27: 400 | F27: 20.99 | G27: 577.35 | J27: =IF(E27>D27,"Step Up","Step Down") -> Step Up | K27: OCREV | L27: 2005 | M27: 64754 | N27: Dyn11 | O27: 50 | Q27: AN

Sheet Sheet1
A3: NO | B3: Keterngan | C3: Equipment No. | D3: Merk | E3: Serial No. | F3: Manufacture Years | G3: Vector Group | H3: Type of Cooling | I3: Um | J3: Short C.V. | K3: Capacity (KVA) | L3: Rated Voltage (PRIMER) | M3: Rated Voltage (SEKUNDER) | N3: Rated Current (PRIMER) | O3: Rated Current(Sekunder) | P3: Volume of Oil (Liter) / (kg) | Q3: Arus Short Circuit (Isc) KA | R3: REMARK | S3: BARCRODE
A4: 1 | B4: TR PLN | C4: ETF000085 | D4: Unindo | E4: P050LEC692 | F4: 2012 | G4: Ynyn 0 + d | H4: ONAN/ONAF | J4: 0.143 | K4: 50000 | L4: 150 | M4: 20000 | N4: 192 | O4: 1443 | P4: 71500 | S4: id=Fajar-TrafoList1
A5: 2 | B5: TR GTG #1 | C5: ETF000027 | D5: Pauwels Trafo | E5: 94.4.6289 | F5: 1995 | G5: Ynd1 | H5: ONAN/ONAF 80/100% | J5: 12.46% | K5: 45000 | L5: 11000 | M5: 20000 | N5: 2362 | O5: 1237.2 | P5: 8.8 ton | Q5: 10.06 | S5: id=Fajar-TrafoList2
A6: 3 | B6: TR GTG #2 | C6: ETF000060 | D6: Pauwels Trafo | E6: 0510063 | F6: 2006 | G6: Ynd1 | H6: ONAN/ONAF 80/100% | J6: 0.1295 | K6: 45000 | L6: 11000 | M6: 20000 | N6: 2362.5 | O6: 1237.2 | P6: 8.47 ton | S6: id=Fajar-TrafoList3
A7: 4 | B7: TR AUX GTG #1 lama | C7: ETF000026 | D7: Pauwels Trafo | E7: 3417186 | F7: 1995 | G7: Dyn11 | H7: ONAN | J7: 0.0594 | K7: 1000 | L7: 20000 | M7: 400 | N7: 28.87 | O7: 1443 | P7: 510 | S7: id=Fajar-TrafoList4
A8: 5 | B8: TR AUX GTG #2 | C8: ETF000059 | D8: Trafindo | E8: 05331629 | F8: 2005 | G8: Dyn5 | H8: ONAN | J8: 0.07 | K8: 2500 | L8: 20000 | M8: 400 | N8: 72.17 | O8: 3608.44 | P8: 1590 L | S8: id=Fajar-TrafoList5
A9: 6 | B9: TR AUX GTG #1 Baru | C9: ETF000120 | D9: Schneider | E9: 33162210003 | F9: 2016 | G9: Dyn5 | H9: ONAN | J9: 0.0723 | K9: 3000 | L9: 20000 | M9: 400 | N9: 86.6 | O9: 4330 | P9: 1815 | S9: id=Fajar-TrafoList6
A10: 7 | B10: TR INCHENERATOR#1 | C10: ETF000123 | D10: Unindo | E10: 58201 | F10: 1997 | G10: Dyn5 | H10: ESSO 80 | J10: 0.07 | K10: 2500 | L10: 20000 | M10: 400 | N10: 72.7 | O10: 3608 | P10: 5750 | S10: id=Fajar-TrafoList7
A11: 8 | B11: TR INCHENERATOR#2 | C11: ETF00006 | D11: Trafindo | E11: 10338949 | F11: 2010 | G11: Dyn5 | H11: ONAN | J11: 0.075 | K11: 3000 | L11: 20000 | M11: 400 | N11: 86.6 | O11: 4330.1 | P11: 2260L | S11: id=Fajar-TrafoList8
A12: 9 | B12: TR WWT | C12: ETF00032 | D12: Unindo | E12: 60952 | F12: 1994 | G12: Dyn5 | H12: ONAN | J12: 0.07 | K12: 2500 | L12: 20000 | M12: 400 | N12: 72.1 | O12: 3608.4 | P12: 5750 | S12: id=Fajar-TrafoList9
A13: 10 | B13: TRAFO ESP BOILER 3 NO.1 | C13: ETF000091 | D13: Fujian Longking | E13: 2011466 | F13: 2011 | G13: Not Yet | H13: Not Yet | K13: 55000 | L13: 380 | M13: 66000 | R13: TRAFO STEP UP;380/66KV,ESP 55 KVA,NO.1 ESP CGB (Boiler 3 | S13: id=Fajar-TrafoList10
A14: 11 | B14: TRAFO ESP BOILER 3 NO.2 | C14: ETF000092 | D14: Fujian Longking | E14: 2011465 | F14: 2011 | G14: Not Yet | H14: Not Yet | K14: 55000 | L14: 380 | M14: 66000 | R14: TRAFO STEP UP;380/66KV,ESP 55 KVA,NO.2 ESP CGB (Boiler 3 | S14: id=Fajar-TrafoList11
A15: 12 | B15: TRAFO ESP BOILER 3 NO.3 | C15: ETF000093 | D15: Fujian Longking | E15: 2011464 | F15: 2011 | G15: Not Yet | H15: Not Yet | K15: 55000 | L15: 380 | M15: 66000 | R15: TRAFO STEP UP;380/66KV,ESP 55 KVA,NO.3 ESP CGB (Boiler 3 | S15: id=Fajar-TrafoList12
A16: 13 | B16: TRAFO ESP BOILER 5 NO.1 | C16: ETF000105 | D16: Fujian Longking | E16: 2015535 | F16: 2015 | G16: Not Yet | H16: Not Yet | K16: 55000 | L16: 380 | M16: 66000 | R16: TRAFO STEP UP;380/66KV,ESP 55 KVA,NO.1 ESP CGB (Boiler 5 | S16: id=Fajar-TrafoList13
A17: 14 | B17: TRAFO ESP BOILER 5 NO.2 | C17: ETF000106 | D17: Fujian Longking | E17: 2015534 | F17: 2015 | G17: Not Yet | H17: Not Yet | K17: 55000 | L17: 380 | M17: 66000 | R17: TRAFO STEP UP;380/66KV,ESP 55 KVA,NO.2 ESP CGB (Boiler 5 | S17: id=Fajar-TrafoList14
A18: 15 | B18: TRAFO ESP BOILER 5 NO.3 | C18: ETF000107 | D18: Fujian Longking | E18: 2015533 | F18: 2015 | G18: Not Yet | H18: Not Yet | K18: 55000 | L18: 380 | M18: 66000 | R18: TRAFO STEP UP;380/66KV,ESP 55 KVA,NO.3 ESP CGB (Boiler 5 | S18: id=Fajar-TrafoList15
A19: 16 | B19: TRAFO ESP BOILER 6 NO.1 | C19: ETF000108 | D19: Fujian Longking | E19: - | F19: 2015 | G19: Not Yet | H19: Not Yet | K19: 55000 | L19: 380 | M19: 66000 | R19: TRAFO STEP UP;380/66KV,ESP 55 KVA,NO.1 ESP CGB (Boiler 6 | S19: id=Fajar-TrafoList16
A20: 17 | B20: TRAFO ESP BOILER 6 NO.2 | C20: ETF000109 | D20: Fujian Longking | E20: - | F20: 2015 | G20: Not Yet | H20: Not Yet | K20: 55000 | L20: 380 | M20: 66000 | R20: TRAFO STEP UP;380/66KV,ESP 55 KVA,NO.2 ESP CGB (Boiler 6 | S20: id=Fajar-TrafoList17
A21: 18 | B21: TRAFO ESP BOILER 6 NO.3 | C21: ETF000110 | D21: Fujian Longking | E21: - | F21: 2015 | G21: Not Yet | H21: Not Yet | K21: 55000 | L21: 380 | M21: 66000 | R21: TRAFO STEP UP;380/66KV,ESP 55 KVA,NO.3 ESP CGB (Boiler 6 | S21: id=Fajar-TrafoList18
A22: 19 | B22: TR GT3 STEP-UP | C22: ETF000113 | D22: Schneider | E22: M-377 | F22: 2017 | G22: Ynd1 | H22: ONAN/ONAF | J22: 0.1434 | K22: 75000 | L22: 10.5 | M22: 22000 | N22: 3299 | O22: 1575 | P22: 80000 | S22: id=Fajar-TrafoList19
A23: 20 | B23: TR START/STANBY | C23: ETF000111 | D23: Schneider | E23: M-378 | F23: 2016 | G23: Dd0 | H23: ONAN/ONAF | J23: 0.1061 | K23: 12000 | L23: 22000 | M23: 3150 | N23: 314.9 | O23: 2199.4 | P23: 25800 | S23: id=Fajar-TrafoList20
A24: 21 | B24: TR AUXILIARY | C24: ETF000112 | D24: Schneider | E24: M-380 | F24: 2016 | G24: Dd0 | H24: ONAN/ONAF | J24: 0.099 | K24: 12000 | L24: 10.5 | M24: 3150 | N24: 659.8 | O24: 2199.4 | P24: 22000 | S24: id=Fajar-TrafoList21
A25: 22 | B25: TR AUX MV-LV #1 | C25: ETF000114 | D25: Schneider | E25: 33162210001 | F25: 2016 | G25: Dyn11 | H25: ONAN/ONAF | J25: 0.0961 | K25: 2500 | L25: 3000 | M25: 400 | N25: 3608.4 | O25: 1575 | P25: 5500 | S25: id=Fajar-TrafoList22
A26: 23 | B26: TR AUX MV-LV #2 | C26: ETF000115 | D26: Schneider | E26: 3316221002 | F26: 2016 | G26: Dyn11 | H26: ONAN/ONAF | J26: 0.0962 | K26: 2500 | L26: 3000 | M26: 400 | N26: 3608.4 | O26: 1575 | P26: 5500 | S26: id=Fajar-TrafoList23
A27: 24 | B27: INCI # 1 (New) | D27: TRAFINDO | E27: 081305930 | F27: 2018 | G27: Dyn5 | H27: ONAN | J27: 0.075 | K27: 3000 | L27: 20000 | M27: 400 | N27: 86.60 | O27: 4330.13 | P27: 7330 | S27: id=Fajar-TrafoList24
A28: 25 | B28: WT-1 | C28: - | D28: Trafindo | E28: 0230005 | F28: 2001 | G28: Dyn5 | H28: ONAN/ONAF | K28: 3000 | L28: 20000 | M28: 400 | N28: 86.6 | O28: 4330 | P28: 2060 | S28: id=Fajar-TrafoList25
A29: 26 | B29: TRAFO MV CELL | C29: - | D29: OCREV | E29: 64754 | F29: 2005 | G29: Dyn11 | H29: AN | J29: 0.0433 | K29: 400 | L29: 11+-2 x2.5% | M29: 400 | N29: 20.99 | O29: 577.35 | P29: Dry type | S29: id=Fajar-TrafoList26
